UPTIMENANO,Gx,Gy,Gz
54507641067228,-0.070184804,0.17529908,-0.117066085
54507650994909,-0.053673208,0.21258333,-0.1325124
54507660922590,-0.0765764,0.19074541,-0.13038188
54507670850396,-0.1229154,0.13215587,-0.11972924
54507680778077,-0.15061228,0.06451157,-0.09522816
54507690705886,-0.13676384,0.012846248,-0.069129184
54507700633564,-0.103208005,0.011780985,-0.048889156
54507710561373,-0.07551113,0.036282066,-0.032377556
54507720489054,-0.05633637,0.045869447,-0.032377556
54507730416158,-0.039292138,0.031488378,-0.03770388
54507740343839,-0.029172126,0.0368147,-0.041964937
54507750271520,-0.038226873,0.07303369,-0.045160733
54507760199198,-0.07604376,0.14493904,-0.055813376
54507770126879,-0.1442207,0.21311596,-0.0776513
54507780054560,-0.22145236,0.2418781,-0.10428291
54507789982366,-0.2645956,0.20246331,-0.12452293
54507799910047,-0.2486166,0.124166384,-0.12452293
54507809837728,-0.19854918,0.0799579,-0.1074787
54507819765406,-0.1527428,0.086349495,-0.08084709
54507829693087,-0.1442207,0.11777479,-0.055280745
54507839620768,-0.16126491,0.1625159,-0.038236514
54507849546162,-0.2054734,0.26105288,-0.056346007
54507859473843,-0.27737877,0.35905722,-0.110141866
54507869401524,-0.33330515,0.3425456,-0.16340508
54507879329202,-0.31679353,0.19340856,-0.21400514
54507889256883,-0.2038755,0.022966262,-0.2683336
54507899184564,-0.05633637,-0.07024438,-0.3471632
54507909112242,0.07149536,-0.10646337,-0.44463488
54507919039923,0.11091015,-0.08036439,-0.5346497
54507928967604,0.054451134,0.094338976,-0.5639445
54507938899244,-0.052607946,0.28182554,-0.5639445
54507948826925,-0.16552597,0.33775192,-0.52666026
54507958754606,-0.1346333,0.2978045,-0.45848334
54507968682284,0.09439855,0.35532877,-0.5021592
54507978609965,0.35059464,0.37929723,-0.51494235
54507988537646,0.5098517,0.3010003,-0.5319866
54507998465324,0.6371508,0.2663792,-0.7274626
54508008393005,0.8107889,0.30472872,-1.0864568
54508018320686,0.94181645,0.4815626,-1.4411898
54508028259512,0.9519364,0.57637113,-1.779944
54508038187321,0.917848,0.5151184,-2.0515864
54508048115130,0.8619216,0.37716672,-2.215637
54508058042808,0.7292962,0.2136486,-2.2582476
54508067970617,0.4773611,0.10712215,-2.146395
54508077898426,0.07469116,0.3372193,-1.717626
54508087826232,-0.42598316,0.7287039,-0.9309281
54508097754041,-0.84569734,0.61259013,-0.35675058
54508107681722,-0.9815185,0.19074541,-0.26726836
54508117609528,-0.7365077,-0.09048441,-0.34663057
54508127537337,-0.24488817,-0.43349954,-0.35888112
54508137465146,0.200925,-0.7291105,-0.3998938
54508147394744,0.5130475,-0.9927634,-0.5026918
54508157322553,0.7191762,-1.2803848,-0.5607487
54508167250362,0.783092,-1.627661,-0.499496
54508177178168,0.76391727,-1.8625518,-0.29656315
54508187106105,0.72982883,-1.8119518,-0.0036154164
54508197033914,0.68455505,-1.8556277,0.2445912
54508206961720,0.67390245,-1.8902488,0.40384823
54508216889529,0.7575257,-1.4854482,0.44805673
54508226817466,0.84754056,-1.891314,0.4459262
54508236748887,0.901869,-2.2375247,0.3915977
54508246676824,0.85446477,-2.2566996,0.31969234
54508256604761,0.7292962,-2.2045016,0.3367366
54508266532567,0.56737596,-1.9973078,0.37615138
54508276460504,0.350062,-1.6990337,0.40384823
54508286388441,0.10398593,-1.452425,0.44326302
54508296316247,-0.112262756,-1.2676016,0.5093094
54508306244184,-0.21772394,-1.1956964,0.5220926
54508316172121,-0.21133235,-1.2063489,0.46936202
54508326090399,-0.19109233,-1.0854415,0.3899998
54508336018208,-0.17937441,-0.79515684,0.3436608
54508345946017,-0.19215758,-0.5464176,0.3947935
54508355873823,-0.25021452,-0.37331212,0.62542325
54508365801632,-0.32531565,-0.2689162,0.9268931
54508375729441,-0.35194728,-0.34774575,1.0179732
54508385657247,-0.30081457,-0.48942593,0.8837499
54508395585056,-0.17351545,-0.42337954,0.6392717
54508405512865,-0.045683727,-0.2241751,0.36336818
54508415440671,0.015036348,-0.059591733,0.19132799
54508425368480,-0.0030731475,-0.027101168,0.14498898
54508435296289,-0.0052036764,-0.23376247,0.14392371
54508445230818,0.03953743,-0.4888933,0.14605425
54508455158627,0.094931185,-0.6785104,0.14232582
54508465086564,0.15724915,-0.84948534,0.19399114
54508475014498,0.1860113,-1.0071445,0.2493849
54508484942307,0.16683653,-1.0721257,0.2627007
54508494870244,0.14180282,-1.0923656,0.26536387
54508504798050,0.1465965,-1.1232584,0.24725437
54508514725987,0.1694997,-1.1711953,0.2147638
54508524653924,0.20731658,-1.2441658,0.17588165
54508534590696,0.25525346,-1.2622753,0.12741211
54508544518633,0.2637756,-1.0902351,0.073083624
54508554446570,0.20678395,-0.62631243,0.0038414348
54508564374632,0.12529121,0.06770737,-0.035573352
54508574302569,0.04859218,0.8272409,-0.023322808
54508584230634,-0.04941215,1.4296479,0.01236355
54508594158568,-0.12025224,1.6842462,0.068289936
54508604086505,-0.09468589,1.6347114,0.13486896
54508614014570,0.04859218,1.6160692,0.18174061
54508623947045,0.237144,1.9111475,0.21423118
54508633875110,0.37243256,2.3415143,0.22222066
54508643803175,0.4491316,2.695715,0.3500524
54508653731237,0.5237001,3.4408674,0.73354757
54508663659302,0.5130475,4.154062,1.3386178
54508673587367,0.4475337,4.021436,1.798812
54508683515301,0.47469795,4.1503334,1.9777765
54508693443366,0.4129126,4.28935,1.8957511
54508703371431,0.15671653,4.125832,1.8781743
54508713299493,-0.038226873,3.870169,1.8616626
54508723227558,-0.07551113,3.7300866,1.866989
54508733155623,-0.15860176,4.2206407,2.1210546
54508743088293,-0.2667261,5.1735196,2.5237246
54508753016358,-0.45581055,5.464337,2.9034913
54508762944551,-0.7807162,5.8291903,3.1293273
54508772872613,-1.1929735,6.264883,3.1644812
54508782800678,-1.6260035,6.416683,3.0829883
54508792728743,-1.9418545,5.959685,2.845967
54508802656805,-1.9594313,4.8219824,2.521594
54508812584998,-1.7868584,3.749794,2.25368
54508822513063,-1.591915,3.0307405,2.069922
54508832446123,-1.4017653,2.4150176,1.9910923
54508842374316,-1.28938,2.180127,1.8882942
54508852302509,-1.3367842,2.4182136,1.7471467
54508862230571,-1.5945783,2.8677552,1.6273044
54508872158764,-2.1479833,3.270425,1.5127885
54508882086957,-2.7434661,3.1846712,1.2688429
54508892015147,-3.1088517,2.835797,0.8901415
54508901943212,-3.2015297,2.6845295,0.47149253
54508911871405,-3.1647782,2.770816,0.1385974
54508921799595,-3.0262938,3.1436586,-0.027051235
54508931727788,-2.582611,4.055525,0.057104655
54508941655853,-2.2662275,5.016393,0.47522095
54508951574973,-2.6470597,5.465402,0.5716274
54508961503038,-2.9256263,5.191097,0.26483124
54508971430975,-2.5250869,4.8331676,0.20890485
54508981359037,-1.9849976,4.487489,0.07947521
54508991287102,-1.7900542,4.0672426,-0.2859105
54509001215167,-1.867286,4.106125,-0.674732
54509011143229,-1.6718099,3.3876042,-1.1168168
54509021071294,-1.0044217,1.5878397,-1.5354657
54509030999359,-0.6374381,0.6030027,-1.7607691
54509040924739,-0.37644836,0.20459385,-1.7932597
54509050852804,-0.14635122,-0.34241945,-2.0025842
54509060780869,-0.065391116,-0.55387443,-2.237475
54509070708931,-0.032900553,-0.5128618,-2.3999279
54509080636868,0.046994284,-0.39035633,-2.547467
54509090564933,0.17589128,-0.29661307,-2.6156437
54509100492995,0.33568093,-0.3008741,-2.7163115
54509110421060,0.5822897,-0.05373278,-2.812185
54509120349125,0.8187784,0.8570683,-2.7871513
54509130276303,0.8283658,1.3923637,-2.9522674
54509140204368,0.84967107,2.0331204,-3.158396
54509150132433,0.9444796,2.7340643,-3.16319
54509160060495,1.0414187,3.2656314,-3.1504066
54509169988560,1.1585977,3.4797494,-3.2452152
54509179916625,1.2869622,3.2810776,-3.4801059
54509189844687,1.4669918,2.9188879,-3.7885
54509199772624,1.707209,2.614222,-4.125656
54509209700689,1.9351755,2.3223398,-4.4063535
54509219628751,2.047561,1.949497,-4.5544252
54509229556816,1.9964283,1.6080798,-4.566143
54509239484881,1.6954911,1.242694,-4.5288587
54509249409152,1.1101283,0.9097989,-4.522467
54509259337089,0.36763886,0.7611945,-4.491575
54509269265154,-0.2880314,0.76811874,-4.2769237
54509279193088,-0.74556243,0.6008722,-3.9584098
54509289121025,-1.0848492,0.10445899,-3.7128663
54509299049090,-1.458757,-0.41379216,-3.605807
54509308981098,-1.8923197,-0.76639473,-3.4651923
54509318909163,-2.2587707,-1.0002203,-3.1940825
54509328837100,-2.481411,-1.1030183,-2.84148
54509338760062,-2.5937965,-0.7994179,-2.4819531
54509348687999,-2.7035186,-0.10646337,-2.08674
54509358615936,-2.8995273,0.31697926,-1.5807394
54509368543870,-3.0209675,1.192094,-1.1956463
54509378471807,-2.2683582,3.9788258,-1.0885873
54509388399744,-0.06858691,7.9778285,-1.2094948
54509398327678,1.5974867,8.157326,-1.1887221
54509408255615,1.9223924,6.3602242,-0.79457426
54509418183552,1.3535411,5.0946903,-0.101087116
54509428111486,0.6046602,3.9058554,0.7500592
54509437987858,-0.050477415,2.9716184,1.2858872
54509447915283,-0.75088876,2.4395187,1.3242368
54509457842706,-1.2515631,1.6464293,1.1213038
54509467770131,-1.1626135,0.17050539,1.0382133
54509477697554,-0.5442275,-0.35946366,1.2411461
54509487624979,-0.07604376,0.8165883,1.8185195
54509497552274,0.2142408,1.1106013,2.030507
54509507479699,0.40225998,1.0349674,2.1775136
54509517407122,0.2275566,0.6552007,2.68671
54509527334547,-0.6640697,-0.5810387,3.409492
54509537268009,-1.0321186,-0.81646216,3.0739336
54509547195434,-0.077109024,-0.4787733,2.2211895
54509557122857,0.3314199,-1.0987573,2.2808442
54509567050282,-0.09947958,-1.5701368,2.5466278
54509576977833,-0.8323815,-1.8385834,2.5588782
54509586905258,-1.5434456,-2.2934513,2.7239943
54509596832681,-1.8923197,-2.562963,2.9162745
54509606760106,-2.0648925,-2.7243507,3.1932433
54509616687657,-2.032402,-2.5624304,2.9354491
54509626615082,-1.9386586,-2.3365943,2.6142719
54509636542505,-1.6116225,-1.8907814,1.9889617
54509646470058,-1.3362516,-1.7347201,1.8994795
54509656411116,-1.2339863,-1.5909094,2.0049407
54509666338669,-0.96500695,-0.65400934,1.2496682
54509676266220,-0.9096132,-1.1301825,1.3588579
54509686193901,-0.8717963,-1.6771958,2.0821724
54509696121452,-0.64702547,-1.9168804,2.4720592
54509706049005,-0.520259,-2.3365943,2.4294486
54509715976684,-0.6070781,-2.102769,2.3857727
54509725904237,-0.64702547,-1.3581492,2.2408967
54509735831788,-0.56393486,-0.34614787,2.0619323
54509745759469,-0.4132,0.46718156,1.9149259
54509755697193,-0.21612604,0.6269712,2.1673934
54509765624874,-0.15913439,-0.21139193,2.7974975
54509775552553,-0.37964416,-0.13043183,2.915742
54509785480234,-0.76420456,0.20246331,2.714407
54509795407913,-1.051826,0.32976243,2.391099
54509805335466,-1.2409104,0.11777479,2.176981
54509815263145,-1.4140159,0.009117823,2.1817746
54509825190826,-1.6366562,-0.16238976,2.249419
54509835118505,-1.8161533,-0.14268236,2.0310397
54509845046186,-1.8821996,-0.30779836,1.3551294
54509854974267,-1.7884563,-0.8883675,0.6936002
54509864901948,-1.6750057,-1.2968965,0.29306075
54509874829627,-1.4411801,-1.1536183,-0.02385544
54509884757180,-1.1977673,-0.6699883,-0.3439674
54509894684859,-1.1088177,0.24028021,-1.0614231
54509904612540,-1.0757945,-0.06545069,-2.2859445
54509914540219,-1.102426,0.19340856,-2.4350815
54509924467772,-1.0710007,0.4714426,-2.3264246
54509934395451,-0.8936342,0.28502133,-2.8148484
54509944323132,-0.6273181,0.49168262,-3.8002179
54509954253127,-0.7024192,0.0011283396,-5.2814684
54509964180808,-1.0853819,-1.2782543,-6.7818933
54509974108359,-1.5285318,-3.1126397,-7.087624
54509984035912,-2.199116,-4.6934924,-6.3557873
54509993963591,-2.924561,-4.9736567,-5.7501845
54510003891144,-2.332274,-2.6721528,-5.3927884
54510013818695,-0.15753649,-0.22950141,-4.9017015
54510023746376,1.3530085,0.47730157,-4.00901
54510033673927,1.5314403,2.2275312,-3.7155294
54510043601480,1.1713809,3.9905438,-3.8050115
54510053540435,0.5870834,5.1596713,-3.8604054
54510063468116,-0.110132225,3.7119772,-3.1679835
54510073395923,-0.63584024,0.44108257,-1.6270784
54510083323604,-0.902689,-2.515026,-0.54423714
54510093251283,-0.9799206,-3.8700426,0.046984643
54510103178964,-1.1764619,-3.1366081,0.41876194
54510113106643,-1.3346537,-2.5043736,0.41077247
54510123034324,-1.0710007,-2.3680198,0.33300817
54510132962003,-0.7434319,-2.095312,0.3223555
54510142889684,-0.46060425,-1.6132799,0.08533417
54510152822136,-0.14848174,-1.029515,-0.19003668
54510162749817,0.17003232,-0.7562747,-0.34450004
54510172677624,0.54234225,-0.23642564,-0.68378675
54510182605433,0.9205111,0.036282066,-0.94743973
54510192533112,1.3114632,0.016574673,-0.8318585
54510202460921,1.2731137,0.6429502,-0.27845365
54510212388600,0.7197088,1.3028815,0.330345
54510222316409,0.19559868,1.351351,0.6382064
54510232244216,0.0704301,1.3161973,0.624358
54510242171897,0.03953743,1.5638713,0.64086956
54510252106244,-0.038759507,1.6831809,0.83954144
54510262034053,-0.031302653,1.9505622,0.9929395
54510271961860,-0.17937441,1.6703978,0.6563159
54510281889797,-0.3689915,1.2277803,-0.025453337
54510291817604,-0.81640255,2.2584238,-0.44836333
54510301745413,-1.6723425,2.3676133,-0.6827215
54510311673220,-1.5983067,1.232574,-1.0374546
54510321601157,-0.97619224,0.6088617,-1.1588947
54510331528964,-0.71466976,0.085284226,-1.1679494
54510341456773,-0.7301161,-0.14001921,-0.9719408
54510351394028,-0.8515563,-0.18209715,-0.8680775
54510361321965,-0.95328903,-0.32324466,-0.9293302
54510371250028,-1.088045,-0.4425543,-1.1050988
54510381177965,-1.3634158,-0.61779034,-1.369817
54510391105900,-1.6462436,-1.0705277,-1.6872659
54510401033965,-1.7415848,-1.6654779,-1.9338746
54510410961900,-1.7517047,-2.2875922,-2.189538
54510420889837,-1.8475785,-2.8804119,-2.672103
54510430817900,-2.0302715,-3.2282207,-3.3101964
54510440745837,-2.1362653,-3.086008,-3.8385675
54510450684918,-2.025478,-2.909174,-4.3988967
54510460613111,-1.8209469,-3.0247552,-5.0764046
54510470541174,-1.710692,-2.9517846,-5.6180916
54510480469367,-1.6478415,-2.640195,-6.122494
54510490397430,-1.5727403,-2.3003755,-6.8197103
54510500325623,-1.5626203,-2.0830615,-7.5664606
54510510253814,-1.77301,-2.4633608,-7.437031
54510520181879,-1.4683444,-3.2804186,-5.6388645
54510530110070,0.22702397,-1.5925074,-3.70754
54510540038135,0.8821616,-0.24334985,-2.5112479
54510549969052,1.2214483,-0.9277823,-2.040401
54510559897245,1.413196,-1.2825154,-1.907243
54510569825436,1.0115913,-0.8436264,-1.5136278
54510579753629,0.46617582,-0.2524046,-0.90056807
54510589681820,0.14393334,-0.038286444,-0.42439488
54510599610013,0.012905819,0.10392635,-0.046225995
54510609538204,-0.004671044,0.34467614,0.21849222
54510619466397,0.085876435,0.61045957,0.42089248
54510629394588,0.18867445,0.7345629,0.48960203
54510639322781,0.2856135,0.6205796,0.44912198
54510649255191,0.33408305,0.33349085,0.41716406
54510659183384,0.2989293,0.019770468,0.21902487
54510669111703,0.20518605,-0.03455802,0.052310966
54510679040024,0.08640907,0.09061055,-0.07445551
54510688968215,-0.12557855,0.31484872,0.046984643
54510698896536,-0.3588715,0.1955391,0.37774926
54510708824855,-0.09362063,0.16944012,0.106106825
54510718753048,0.26217768,0.52683634,-0.33011895
54510728681367,-0.09947958,-0.19967401,-0.37645796
54510738609688,-0.51599795,-1.7656127,-0.15275243
54510748541596,-0.46433267,-2.160293,-0.24756098
54510758469917,-0.8803184,-3.0636375,-0.39723063
54510768398236,-1.1152092,-3.8583248,-0.58098876
54510778326685,-0.90695,-3.5302231,-0.7801932
54510788255004,-0.7471604,-2.7099695,-0.89151335
54510798183325,-1.0310533,-2.2774723,-0.829728
54510808111772,-1.4241359,-1.8769329,-0.67686254
54510818040093,-1.623873,-1.3256586,-0.5176055
54510827968412,-1.6505046,-0.8537464,-0.41107908
54510837896733,-1.587654,-0.5746471,-0.33491266
54510847827406,-1.1913756,-0.026035905,-0.42599276
54510857755855,-0.1543407,1.4988902,-0.86434907
54510867684302,-0.21079971,0.99502003,-0.9506355
54510877612751,-0.8488931,-0.3568005,-0.9937787
54510887541198,-1.1471672,-0.8324411,-1.2419853
54510897469647,-1.2909778,-0.8260495,-1.5056382
54510907397966,-1.3623506,-0.57517976,-1.7394638
54510917326415,-1.1727335,0.1625159,-1.8880682
54510927254862,-1.1002955,0.56784904,-1.9583757
54510937183311,-1.2403778,0.38249302,-1.7772807
54510947107291,-1.277662,-0.089951776,-1.3282717
54510957035740,-1.0763271,-0.70567465,-0.66141623
54510966964187,-0.64489496,-1.2079468,0.06349624
54510976892636,-0.11119749,-1.3608123,0.59612846
54510986821211,0.303723,-1.1552162,0.6430001
54510996749660,0.5237001,-0.60820293,0.31436604
54511006678107,0.5908118,0.047467344,0.01928777
54511016606556,0.54021174,0.5257711,0.045386747
54511026535003,0.43048948,0.83363247,0.18333851
54511036463452,0.33568093,1.0237823,0.25151542
54511046365507,0.2856135,1.0647949,0.29306075
54511056293444,0.24992716,1.0051401,0.30584392
54511066221507,0.20997974,0.8757104,0.2611028
54511076149444,0.18654393,0.67277753,0.23819962
54511086077507,0.16204284,0.48635632,0.26802704
54511096005444,0.11517121,0.38462356,0.22328591
54511105933507,0.08747433,0.27064025,0.1471195
54511115861444,0.07469116,0.14973272,0.08533417
54511125789507,0.06084272,0.06397894,-0.03717125
54511135717444,0.066169046,-0.04627593,-0.18790616
54511145641456,0.08640907,-0.23376247,-0.19110195
54511155569393,0.10824699,-0.4244448,-0.110141866
54511165497328,0.115703836,-0.48623013,-0.06699865
54511175425265,0.118899636,-0.36372474,-0.052617583
54511185353200,0.13328071,-0.09794126,-0.05687864
54511195281137,0.14712915,0.18115804,-0.12452293
54511205209072,0.1961313,0.2876845,-0.20228723
54511215137009,0.24939454,0.16517906,-0.24276727
54511225064944,0.37030202,-0.13735604,-0.26194203
54511234992881,0.45818636,-0.07184228,-0.28324732
54511244919567,0.43208736,0.16517906,-0.2795189
54511254847504,0.42143473,0.30259818,-0.21453777
54511264775439,0.3596494,0.289815,-0.14849138
54511274703376,0.14872704,0.008052559,-0.06646602
54511284631311,-0.052607946,-0.25986144,0.03686463
54511294559248,-0.13942699,-0.3717142,0.06083308
54511304489886,-0.060597427,-0.30779836,0.046984643
54511314417823,0.13221544,-0.15013921,0.016624609
54511324345758,0.24140504,-0.09740862,-0.0057459455
54511334273695,0.22542608,-0.13948657,-0.011072268
54511344199087,0.17109759,-0.19061926,-0.0052133133
54511354127024,0.14553125,-0.17091188,-0.004680681
54511364054831,0.14766178,-0.09154967,-0.0014848876
54511373982768,0.1481944,-0.043612767,0.0065045957
54511383910703,0.13328071,-0.09847389,0.02408146
54511393838640,0.098659605,-0.2556004,0.03366884
54511403766575,0.08214801,-0.4281732,0.019820401
54511413694512,0.11357331,-0.46119642,-0.031844925
54511423622447,0.16257547,-0.3482784,-0.085108146
54511433550384,0.18068497,-0.20659824,-0.11759871
54511443476602,0.16843443,-0.153335,-0.13837136
54511453404411,0.1497923,-0.20819613,-0.12452293
54511463332346,0.10398593,-0.29288465,-0.062204964
54511473260155,-0.031302653,-0.2556004,0.030473048
54511483188090,-0.25127977,-0.05852647,0.15297846
54511493115899,-0.36473045,0.15026537,0.257907
54511503043834,-0.26033452,0.24294336,0.27974492
54511512971643,-0.08776167,0.17423381,0.26536387
54511522899578,0.012905819,-0.050536986,0.27015755
54511532827515,-0.004138412,-0.30566782,0.26163545
54511542762269,-0.09894695,-0.51605755,0.23340593
54511552690206,-0.19055969,-0.6438893,0.20943747
54511562618141,-0.25287768,-0.65613985,0.21050274
54511572546078,-0.28377035,-0.6092682,0.19399114
54511582474013,-0.27365035,-0.59808296,0.15937005
54511592401950,-0.22997448,-0.6209861,0.12741211
54511602329885,-0.18150495,-0.6774451,0.09279101
54511612257822,-0.13090488,-0.7589379,0.06509414
54511622185757,-0.062195323,-0.8153969,0.035266735
54511632113694,0.025688993,-0.7930263,0.0027761704
54511642042048,0.11037752,-0.67584723,-4.1962307E-4
54511651970113,0.16097757,-0.5107312,0.032070942
54511661898048,0.164706,-0.3514742,0.08852996
54511671825985,0.1199649,-0.21512035,0.15990268
54511681753920,0.050722707,-0.13202973,0.2328733
54511691681857,-0.032900553,-0.08409282,0.26749438
54511701609920,-0.11758908,-0.10220232,0.2611028
54511711537857,-0.18043968,-0.20553297,0.2461891
54511721465792,-0.21452814,-0.33123416,0.24086279
54511731393729,-0.21133235,-0.4345648,0.24192804
54511741322023,-0.16712387,-0.48303434,0.23553646
54511751249960,-0.09681642,-0.45214167,0.2179596
54511761178023,-0.025443701,-0.34934366,0.1982522
54511771105960,0.007579497,-0.22577299,0.19878484
54511781033895,-0.010529999,-0.11764865,0.21316591
54511790961832,-0.066456385,-0.043080136,0.2264817
54511800889767,-0.13143751,-0.03988434,0.2280796
54511810817704,-0.18896179,-0.1267034,0.2163617
54511820745639,-0.24009448,-0.27424252,0.1849364
54511830673576,-0.28057456,-0.42178163,0.15138057
54511840595018,-0.3013472,-0.5016765,0.12261842
54511850522827,-0.30028194,-0.4990133,0.09651944
54511860450762,-0.28590086,-0.44841325,0.066159405
54511870378571,-0.26832402,-0.3370931,0.046452012
54511880306506,-0.25127977,-0.1581287,0.02674462
54511890234315,-0.2353008,0.035749435,-4.1962307E-4
54511900162250,-0.21133235,0.18115804,-0.013735429
54511910090059,-0.16712387,0.29993504,-0.00681121
54511920017994,-0.09734905,0.44747415,0.017689874
54511929945803,-0.02065001,0.60140485,0.042723585
54511939873073,0.04912481,0.71219236,0.0677573
54511949801010,0.1050512,0.7361608,0.081073105
54511959728817,0.13381334,0.64188486,0.07787731
54511969656626,0.12635648,0.45280048,0.056039393
54511979584561,0.10451856,0.24081284,0.021950932
54511989512370,0.08268064,0.07782738,-0.014800693
54511999440305,0.0704301,0.00858519,-0.04089967
54512009368114,0.064038515,0.036282066,-0.05474811
54512019295921,0.057114296,0.12469901,-0.063270226
54512029223858,0.05125534,0.2583897,-0.06433549
54512039157839,0.047526915,0.40113515,-0.04995442
54512049085776,0.036341637,0.4991395,-0.03077966
54512059013711,0.02728689,0.5257711,-0.022790177
54512068941520,0.026754258,0.49807423,-0.023322808
54512078869455,0.028352154,0.42297307,-0.02598597
54512088797392,0.017166877,0.31697926,-0.025453337
54512098725327,-0.009997366,0.19766963,-0.017463854
54512108653264,-0.048346885,0.079425275,-9.5225533E-4
54512118581199,-0.083500616,-0.013785362,0.018222505
54512128509136,-0.101077475,-0.040949605,0.037929896
54512138439026,-0.094153255,-0.0063285115,0.05071307
54512148366963,-0.077109024,0.052793667,0.0512457
54522135788768,0.0011879103,0.0059220297,0.0011782736
54522145716321,0.002785807,6.30751E-5,0.0022435382
54522155643874,0.0033184392,-0.0063285115,0.0022435382
54522165571555,0.0017205426,-0.0068611437,0.0033088026
54522175499108,0.0038510715,-4.6955713E-4,0.0038414348
54522185426661,0.0059816004,0.0075199264,0.0033088026
54522195357500,0.0059816004,0.012313616,0.004374067
54522205285053,0.0017205426,0.00858519,0.0054393313
54522215212606,0.0017205426,0.0048567653,0.004906699
54522225140287,0.002785807,5.9570733E-4,0.004374067
54522235067840,0.0022531748,0.0027262364,0.004374067
54522244995393,0.0043837037,0.006454662,0.0054393313
54522254922946,0.0065142326,0.004324133,0.007037228
54522264850627,0.008112129,0.0037915008,0.0065045957
54522274778180,0.007046865,0.0032588686,0.0054393313
54522284714597,0.01077529,-0.0015348216,0.007037228
54522294642406,0.008112129,-0.008459041,0.0075698597
54522304570087,0.0059816004,-0.007926408,0.007037228
54522314497768,0.004916336,0.0011283396,0.0059719635
54522324425449,0.004916336,0.008052559,0.0054393313
54522334353130,0.007046865,0.010183088,0.008635125
54522344280811,0.0086447615,0.010183088,0.009167757
54522354208492,0.009710027,0.008052559,0.009167757
54522364136301,0.011307923,0.0027262364,0.009700389
54522374063982,0.011840556,5.9570733E-4,0.008635125
54522383991663,0.011307923,0.0059220297,0.009167757
54522393919344,0.012373187,0.011248352,0.011830918
54522403854693,0.014503716,0.013911514,0.010765654
54522413782502,0.013971085,0.012846248,0.009167757
54522423710311,0.015036348,0.012846248,0.011830918
54522433638106,0.015568981,0.010183088,0.009700389
54522443565915,0.016634244,0.0048567653,0.0075698597
54522453493724,0.017166877,6.30751E-5,0.0065045957
54522463421533,0.014503716,0.0037915008,0.0065045957
54522473349342,0.015036348,0.009117823,0.008635125
54522483277151,0.016101614,0.01550941,0.010765654
54522493208368,0.01769951,0.018705204,0.013428815
54522503136177,0.021427935,0.016042043,0.012896183
54522513064114,0.0224932,0.00858519,0.011298286
54522522992051,0.017166877,0.0027262364,0.009700389
54522532919860,0.011840556,0.0059220297,0.0075698597
54522542847797,0.011840556,0.009117823,0.008635125
54522552775734,0.01077529,0.011248352,0.008102492
54522562703543,0.007046865,0.011780985,0.0075698597
54522572631480,0.0043837037,0.0048567653,0.0054393313
54522582540624,0.0043837037,-0.002600086,0.004906699
54522592468433,0.007046865,-0.0068611437,0.0033088026
54522602396114,0.007046865,-0.008459041,0.0027761704
54522612323923,0.0059816004,-0.008991673,0.0027761704
54522622251732,0.005448968,-0.0073937755,0.004374067
54522632179413,0.007046865,-0.0015348216,0.0054393313
54522642107222,0.0086447615,0.0037915008,0.007037228
54522652034903,0.009710027,0.0053893975,0.007037228
54522661962712,0.01077529,0.0075199264,0.0065045957
54522671890393,0.011840556,0.012846248,0.007037228
54522681818202,0.013438452,0.014444145,0.007037228
54522691745883,0.014503716,0.00858519,0.0059719635
54522701671930,0.013438452,0.0032588686,0.0054393313
54522711599611,0.013438452,6.30751E-5,0.0059719635
54522721527292,0.012905819,0.0032588686,0.0033088026
54522731454959,0.013971085,0.010715719,0.0027761704
54522741382640,0.011840556,0.018705204,0.0038414348
54522751310449,0.010242658,0.021368364,0.004374067
54522761238130,0.008112129,0.013911514,0.004906699
54522771165811,0.007046865,0.0021936041,0.0038414348
54522781093492,0.005448968,-0.0020674537,0.0027761704
54522791021577,0.0086447615,0.0032588686,0.0065045957
54522800949258,0.009177394,0.011780985,0.007037228
54522810876939,0.011307923,0.014444145,0.0065045957
54522820804620,0.011840556,0.009650456,0.004374067
54522830732301,0.01077529,0.010183088,0.0027761704
54522840659982,0.011840556,0.00858519,0.0017109058
54522850587663,0.013438452,0.008052559,-4.1962307E-4
54522860515344,0.011840556,0.0075199264,-0.0020175197
54522870443025,0.012373187,0.0048567653,-4.1962307E-4
54522880367705,0.012905819,-4.6955713E-4,1.13009155E-4
54522890295386,0.012905819,-0.002600086,6.4564135E-4
54522900223067,0.009177394,-0.0020674537,0.0022435382
54522910150748,0.0065142326,-4.6955713E-4,0.0022435382
54522920078301,0.008112129,-4.6955713E-4,0.0017109058
54522930005982,0.007046865,-0.0010021894,0.0011782736
54522939933663,0.0059816004,-0.0020674537,0.0017109058
54522949861216,0.0038510715,-0.0010021894,0.0027761704
54522959788897,0.005448968,0.0027262364,0.0033088026
54522969716578,0.008112129,0.0059220297,0.0054393313
54522979644259,0.0065142326,0.009117823,0.007037228
54522989571812,0.0033184392,0.006987294,0.0065045957
54522999494921,0.004916336,0.006987294,0.0038414348
54523009422474,0.007046865,0.00858519,0.0017109058
54523019350027,0.007579497,0.009650456,0.0011782736
54523029277566,0.008112129,0.0053893975,-4.1962307E-4
54523039205119,0.01077529,0.0021936041,6.4564135E-4
54523049132800,0.01077529,5.9570733E-4,6.4564135E-4
54523059060353,0.0086447615,-4.6955713E-4,-4.1962307E-4
54523068987906,0.004916336,0.0021936041,-4.1962307E-4
54523078915459,0.002785807,0.00858519,6.4564135E-4
54523088840154,0.0043837037,0.013378881,0.0017109058
54523098767707,0.0033184392,0.013911514,0.0022435382
54523108695260,0.0043837037,0.00858519,0.0017109058
54523118622813,0.007046865,0.0016609718,-9.5225533E-4
54523128550366,0.0059816004,-0.0015348216,-0.0030827841
54523138477919,0.005448968,-0.005263247,-0.0036154164
54523148405472,0.0033184392,-0.005263247,-0.002550152
54523158333025,0.0033184392,0.0011283396,-0.0020175197
54523168260578,0.0038510715,0.0037915008,-9.5225533E-4
54523178188117,0.0059816004,0.0037915008,-0.0014848876
54523188115670,0.004916336,0.0037915008,-0.0036154164
54523198043095,0.0043837037,0.0027262364,-0.002550152
54523207975220,6.552781E-4,0.0027262364,-0.002550152
54523217902773,6.552781E-4,0.0048567653,-0.0020175197
54523227830326,0.0038510715,5.9570733E-4,-0.0030827841
54523237757879,0.0038510715,-0.0036653504,-0.0014848876
54523247685560,6.552781E-4,-0.0041979826,-4.1962307E-4
54523257613113,6.552781E-4,0.0053893975,0.0027761704
54523267540666,0.0033184392,0.012846248,0.0027761704
54523277468219,0.004916336,0.018172571,0.004374067
54523287395772,0.002785807,0.013378881,0.004906699
54523297326549,0.0017205426,0.0059220297,0.0038414348
54523307254230,6.552781E-4,-0.0015348216,6.4564135E-4
54523317181783,6.552781E-4,-0.0031327181,0.0017109058
54523327109450,-9.426186E-4,-0.0015348216,0.0022435382
54523337037003,6.552781E-4,-0.0015348216,0.0017109058
54523346964556,0.0033184392,0.0011283396,0.0017109058
54523356892237,0.0043837037,0.0011283396,1.13009155E-4
54523366819790,0.005448968,-0.0041979826,6.4564135E-4
54523376747343,0.0065142326,-0.0063285115,6.4564135E-4
54523386670892,0.007046865,-0.0036653504,1.13009155E-4
54523396598445,0.007579497,-0.0020674537,-9.5225533E-4
54523406525998,0.004916336,0.0011283396,6.4564135E-4
54523416453551,0.0033184392,-0.0010021894,0.0033088026
54523426381104,0.0038510715,-0.0020674537,0.0027761704
54523436308657,1.2264587E-4,-0.002600086,0.0033088026
54523446236210,-4.0998636E-4,-0.0063285115,0.0038414348
54523456163763,-9.426186E-4,-0.011122202,0.0011782736
54523466091316,-9.426186E-4,-0.012720099,0.0027761704
54523476018855,-9.426186E-4,-0.011654833,0.0022435382
54523485946408,-0.002007883,-0.0063285115,0.0033088026
54523495873961,1.2264587E-4,-0.0036653504,0.0054393313
54523505799692,0.0038510715,-0.004730615,0.004374067
54523515727245,0.0065142326,-0.008991673,0.004374067
54523525654798,0.007046865,-0.010056937,0.004906699
54523535582351,0.005448968,-0.0041979826,0.0054393313
54523545509776,0.0038510715,0.0021936041,0.0054393313
54523555437329,0.0065142326,0.0059220297,0.0054393313
54523565364882,0.0059816004,0.0053893975,0.0065045957
54523575292435,0.005448968,0.0032588686,0.0054393313
54523585219860,0.0059816004,0.0059220297,0.0065045957
54523595149619,0.0086447615,0.006987294,0.0059719635
54523605077172,0.009710027,0.0037915008,0.004374067
54523615004725,0.01077529,0.0016609718,0.0027761704
54523624932392,0.011840556,-0.0041979826,0.0017109058
54523634859945,0.011840556,-0.0073937755,0.0022435382
54523644787498,0.01077529,-0.007926408,6.4564135E-4
54523654715051,0.0065142326,-0.005263247,6.4564135E-4
54523664642604,0.004916336,-0.0020674537,0.0022435382
54523674570157,0.0043837037,-4.6955713E-4,0.0017109058
54523684495888,0.0038510715,6.30751E-5,1.13009155E-4
54523694423313,0.0059816004,6.30751E-5,-0.0014848876
54523704350866,0.007579497,-0.0020674537,-0.002550152
54523714278419,0.007046865,-0.0036653504,-0.0020175197
54523724205972,0.007579497,-0.0057958793,-0.0020175197
54523734133397,0.0059816004,-0.0036653504,-0.0020175197
54523744060950,0.0033184392,0.0011283396,-0.0014848876
54523753988503,0.0086447615,-0.0020674537,-0.0014848876
54523763916056,0.013438452,-0.0068611437,-0.0014848876
54523773843595,0.011307923,-0.0068611437,-0.0036154164
54523783771020,0.013438452,6.30751E-5,-0.0030827841
54523793698573,0.016634244,0.00858519,-0.0014848876
54523803635244,0.018232143,0.016042043,-0.0020175197
54523813562797,0.009177394,0.019770468,-9.5225533E-4
54523823490478,0.0017205426,0.017639939,-0.0014848876
54523833418031,0.0022531748,0.010715719,-0.0014848876
54523843345712,0.0065142326,0.004324133,-0.0014848876
54523853273265,0.009710027,0.0059220297,-0.0014848876
54523863200946,0.010242658,0.006987294,-0.0020175197
54523873128499,0.012373187,-0.0015348216,-0.00681121
54523883056180,0.010242658,-0.01058957,-0.0116049005
54523892981495,0.007046865,-0.014317995,-0.017463854
54523902909048,0.0059816004,-0.014850628,-0.019594382
54523912836729,0.0065142326,-0.016448524,-0.017463854
54523922764396,0.008112129,-0.015915891,-0.016398588
54523932691949,0.007046865,-0.010056937,-0.016398588
54523942619630,0.005448968,-0.0020674537,-0.016398588
54523952547183,-9.426186E-4,-4.6955713E-4,-0.015865957
54523962474864,-0.004138412,-0.0068611437,-0.017996486
54523972402417,-0.007334205,-0.022307478,-0.021724911
54523982330098,-0.00839947,-0.036688548,-0.021192279
54523992257779,-0.011062631,-0.04680856,-0.020127015
54524002185332,-0.013725791,-0.04947172,-0.017463854
54524012125241,-0.01585632,-0.0425475,-0.015333326
54524022052922,-0.017454218,-0.030829594,-0.012137532
54524031980731,-0.01585632,-0.018579053,-0.010007003
54524041908540,-0.012127895,-0.011654833,-0.010539635
54524051836349,-0.0057363086,-0.0036653504,-0.009474372
54524061764158,-9.426186E-4,-0.002600086,-0.0062785777
54524071691825,0.0038510715,-0.005263247,-0.004148049
54524081619634,0.0022531748,-0.0068611437,-0.0030827841
54524091547443,-0.002007883,-0.0057958793,0.0017109058
54524101468620,-0.004138412,-0.0036653504,0.0011782736
54524111396429,-0.002007883,0.0021936041,-0.002550152
54524121324110,1.2264587E-4,0.0075199264,-0.007343842
54524131251919,6.552781E-4,0.009650456,-0.008941739
54524141179600,0.0011879103,0.011248352,-0.010007003
54524151107409,0.002785807,0.00858519,-0.010007003
54524161035090,0.0011879103,0.004324133,-0.008409106
54524170962899,-0.0014752508,6.30751E-5,-0.007343842
54524180890580,-0.0057363086,-0.0057958793,-0.007343842
54524190810917,-0.012127895,-0.012720099,-0.0057459455
54524200738470,-0.016388953,-0.012187466,-0.004148049
54524210666023,-0.017454218,-0.0036653504,1.13009155E-4
54524220593563,-0.01585632,0.006987294,0.0011782736
54524230521244,-0.012127895,0.012313616,0.0017109058
54524240448797,-0.009997366,0.013378881,0.0011782736
54524250376350,-0.01319316,0.012846248,1.13009155E-4
54524260304031,-0.012660528,0.006454662,0.0022435382
54524270231584,-0.011062631,-0.0020674537,0.0022435382
54524280159137,-0.0057363086,-0.011654833,1.13009155E-4
54524290086818,-0.0025405153,-0.016981157,1.13009155E-4
54524300014371,-0.007334205,-0.014317995,0.0011782736
54524309947776,-0.007866837,0.0021936041,0.0038414348
54524319875329,-0.006801573,0.025096789,0.0065045957
54524329803010,-0.0057363086,0.043206286,0.0065045957
54524339730691,-0.004671044,0.04427155,0.0065045957
54524349658372,-0.0025405153,0.029357847,0.004374067
54524359586053,-9.426186E-4,0.00858519,0.0022435382
54524369513591,-0.0014752508,-0.0073937755,0.0011782736
54524379441272,-0.002007883,-0.012187466,1.13009155E-4
54524389368953,-0.002007883,-0.0068611437,0.0017109058
54524399301516,-0.0014752508,0.0048567653,0.0038414348
54524409229325,-0.004138412,0.016574673,0.004906699
54524419157006,-0.0036057797,0.024031525,0.004906699
54524429084687,-4.0998636E-4,0.020835731,0.0022435382
54524439012496,6.552781E-4,0.010715719,-0.0020175197
54524448940177,1.2264587E-4,-4.6955713E-4,-0.004680681
54524458867986,-0.0014752508,-0.009524304,-0.0036154164
54524468795667,-4.0998636E-4,-0.012187466,-0.0036154164
54524478723348,0.0022531748,-0.011654833,-0.0030827841
54524488651157,0.0011879103,-0.010056937,1.13009155E-4
54524498578838,0.0043837037,-0.002600086,-4.1962307E-4
54524508506519,0.0065142326,0.0011283396,6.4564135E-4
54524518434675,0.0065142326,0.0016609718,-4.1962307E-4
54524528362356,0.0038510715,0.0053893975,-4.1962307E-4
54524538290165,-0.0014752508,0.009117823,-0.0014848876
54524548217846,-0.002007883,0.009650456,-9.5225533E-4
54524558145527,1.2264587E-4,0.009650456,6.4564135E-4
54524568073336,0.0022531748,0.009117823,6.4564135E-4
54524578001017,0.0017205426,0.0053893975,6.4564135E-4
54524587928698,0.0022531748,-0.0010021894,-0.0014848876
54524597856507,0.0033184392,-0.009524304,-0.002550152
54524607783328,0.0038510715,-0.015383258,-0.0036154164
54524617711009,0.0011879103,-0.0132527305,-0.004680681
54524627638690,-9.426186E-4,-0.0068611437,-0.0030827841
54524637566371,-9.426186E-4,-0.002600086,-0.0036154164
54524647494180,-9.426186E-4,6.30751E-5,-0.0030827841
54524657421861,-0.0014752508,0.006987294,-0.0014848876
54524667349528,6.552781E-4,0.00858519,-0.0014848876
54524677277337,0.0033184392,0.0053893975,-0.0020175197
54524687205018,0.0043837037,0.0016609718,-0.0020175197
54524697129651,0.0038510715,6.30751E-5,-0.002550152
54524707057332,0.0017205426,-4.6955713E-4,-0.004148049
54524716984885,0.0033184392,-0.0063285115,-0.004680681
54524726912566,0.0033184392,-0.0073937755,-0.0030827841
54524736840247,0.0022531748,-0.0015348216,-0.0036154164
54524746767928,0.0043837037,0.0021936041,-0.004148049
54524756695609,0.0059816004,0.004324133,-0.0052133133
54524766623290,0.004916336,0.004324133,-0.0057459455
54524776550971,0.0017205426,0.004324133,-0.004680681
54524786478652,1.2264587E-4,0.0053893975,-0.0036154164
54524796406333,0.0011879103,0.0053893975,-0.002550152
54524806334014,0.002785807,0.0027262364,-0.002550152
54524816267595,0.0011879103,-0.0015348216,-0.002550152
54524826195276,0.0011879103,5.9570733E-4,-9.5225533E-4
54524836123085,0.0022531748,0.011780985,-0.0014848876
54524846050894,0.002785807,0.0203031,-0.0020175197
54524855978575,-0.0014752508,0.024564158,-0.0020175197
54524865906384,-0.0052036764,0.023498893,-0.0014848876
54524875834065,-0.0052036764,0.019237835,-0.0014848876
54524885761874,-0.004138412,0.013378881,-0.0030827841
54524895689555,-0.002007883,0.0075199264,-0.0036154164
54524905620850,0.0017205426,0.0053893975,-0.0030827841
54524915548659,0.0038510715,0.009117823,-0.0020175197
54524925476468,0.0038510715,0.00858519,6.4564135E-4
54524935404277,0.0033184392,0.0059220297,-0.0014848876
54524945332086,0.002785807,6.30751E-5,-0.0020175197
54524955259895,0.0017205426,-0.0057958793,-0.0014848876
54524965187690,1.2264587E-4,-0.009524304,-0.0036154164
54524975115499,-0.0014752508,-0.0041979826,-0.0030827841
54524985043308,-0.002007883,0.0037915008,1.13009155E-4
54524994971117,1.2264587E-4,0.010183088,6.4564135E-4
54525004898926,0.0011879103,0.012313616,0.0011782736
54525014826735,0.0017205426,0.00858519,0.0011782736
54525024748236,0.0011879103,0.0021936041,1.13009155E-4
54525034676045,-0.0014752508,0.0011283396,6.4564135E-4
54525044603726,-0.0025405153,5.9570733E-4,1.13009155E-4
54525054531535,-0.0014752508,0.0011283396,-9.5225533E-4
54525064459216,-0.0030731475,0.004324133,-9.5225533E-4
54525074387025,-0.0025405153,0.0016609718,-0.0014848876
54525084314706,-9.426186E-4,-4.6955713E-4,-0.0020175197
54525094242515,0.0022531748,-0.0031327181,-0.004148049
54525104170196,0.0011879103,-0.0020674537,-0.0057459455
54525114088867,-0.0014752508,0.0037915008,-0.0036154164
54525124016548,-0.0025405153,0.00858519,-0.0036154164
54525133944229,0.0011879103,0.010183088,-0.002550152
54525143871782,0.0017205426,0.008052559,-9.5225533E-4
54525153799463,-9.426186E-4,0.0059220297,0.0017109058
54525163727144,-0.0014752508,0.0037915008,0.0022435382
54525173654825,-9.426186E-4,0.0027262364,0.0027761704
54525183582378,1.2264587E-4,-0.0015348216,0.0017109058
54525193510059,1.2264587E-4,-0.002600086,0.0022435382
54525203435204,-0.0025405153,-0.002600086,0.0027761704
54525213362885,-0.0025405153,-0.0068611437,0.0011782736
54525223290438,-0.0025405153,-0.009524304,6.4564135E-4
54525233218119,-0.0030731475,-0.0068611437,6.4564135E-4
54525243145672,-0.0057363086,-0.0041979826,-4.1962307E-4
54525253073353,-0.007334205,-0.0063285115,-4.1962307E-4
54525263000892,-0.0057363086,-0.01058957,-0.0014848876
54525272928573,-0.0030731475,-0.0068611437,-9.5225533E-4
54525282856126,-0.0030731475,-0.002600086,1.13009155E-4
54525292783807,-0.002007883,6.30751E-5,1.13009155E-4
54525302711360,0.0011879103,-4.6955713E-4,-4.1962307E-4
54525312639041,0.0011879103,6.30751E-5,-9.5225533E-4
54525322552412,1.2264587E-4,0.006987294,1.13009155E-4
54525332479837,0.0011879103,0.013378881,-9.5225533E-4
54525342407390,0.005448968,0.0075199264,-9.5225533E-4
54525352334815,0.0059816004,5.9570733E-4,-0.0014848876
54525362262240,0.0043837037,-0.0010021894,-9.5225533E-4
54525372189793,0.005448968,5.9570733E-4,1.13009155E-4
54525382117218,0.005448968,0.006454662,0.0011782736
54525392044643,0.004916336,0.012846248,0.0033088026
54525401972196,-9.426186E-4,0.021368364,0.004374067
54525411897388,-0.004671044,0.017107306,0.0038414348
54525421824813,-0.002007883,0.0021936041,0.0022435382
54525431752366,6.552781E-4,-0.0132527305,0.0011782736
54525441679791,-0.0014752508,-0.019111685,1.13009155E-4
54525451607216,-4.0998636E-4,-0.014317995,0.0011782736
54525461534641,-9.426186E-4,-0.0073937755,0.0011782736
54525471462194,0.002785807,-0.005263247,0.0017109058
54525481389619,0.0033184392,-0.0036653504,0.0027761704
54525491317044,0.0033184392,-0.0020674537,0.0033088026
54525501243475,0.0059816004,6.30751E-5,0.0017109058
54525511170900,0.009177394,0.0032588686,6.4564135E-4
54525521098325,0.0086447615,0.0048567653,0.0011782736
54525531025750,0.0065142326,5.9570733E-4,6.4564135E-4
54525540953175,0.007046865,-0.0036653504,1.13009155E-4
54525550880472,0.0086447615,-0.002600086,6.4564135E-4
54525560807882,0.0086447615,-0.0015348216,1.13009155E-4
54525570735307,0.0065142326,0.0021936041,0.0011782736
54525580662732,0.0038510715,0.0048567653,0.0017109058
54525590590157,0.0086447615,0.006987294,0.0022435382
54525600517582,0.009177394,0.004324133,0.0022435382
54525610444879,0.0059816004,-0.002600086,-4.1962307E-4
54525620374548,0.0017205426,-0.0041979826,1.13009155E-4
54525630301973,0.0011879103,0.0021936041,0.0022435382
54525640229526,0.0038510715,0.0016609718,0.0033088026
54525650156951,0.0038510715,0.0011283396,0.0054393313
54525660084376,0.002785807,0.0032588686,0.0065045957
54525670011801,0.0033184392,-4.6955713E-4,0.0065045957
54525679939226,0.005448968,-0.0073937755,0.004374067
54525689866651,0.0065142326,-0.007926408,0.004374067
54525699794076,0.0033184392,-0.0068611437,0.0033088026
54525709715752,0.0017205426,-0.0073937755,0.0033088026
54525719643049,0.0017205426,-0.008459041,0.004374067
54525729570474,0.002785807,-0.0036653504,0.0059719635
54525739497771,0.0017205426,5.9570733E-4,0.0054393313
54525749425068,-4.0998636E-4,0.006987294,0.0065045957
54525759352493,6.552781E-4,0.0053893975,0.0075698597
54525769279790,0.005448968,0.0016609718,0.007037228
54525779207087,0.007579497,-0.0031327181,0.0065045957
54525789134512,0.0043837037,-0.007926408,0.0054393313
54525799061809,0.004916336,-0.011122202,0.0065045957
54525808989106,0.005448968,-0.012187466,0.004906699
54525818916531,0.0059816004,-0.007926408,0.0033088026
54525828842836,0.0038510715,-0.0036653504,0.0038414348
54525838770133,1.2264587E-4,0.0016609718,0.0033088026
54525848697430,6.552781E-4,0.0021936041,0.004374067
54525858624712,0.005448968,5.9570733E-4,0.0033088026
54525868552009,0.0038510715,-0.0015348216,0.0022435382
54525878479306,0.0033184392,-0.0068611437,0.004374067
54525888406603,0.004916336,-0.008991673,0.0059719635
54525898333900,0.010242658,-0.0020674537,0.0065045957
54525908261325,0.007579497,0.006454662,0.007037228
54525918190390,0.0022531748,0.00858519,0.008102492
54525928117687,-9.426186E-4,0.00858519,0.008635125
54525938044984,1.2264587E-4,0.006454662,0.008635125
54525947972281,1.2264587E-4,0.0059220297,0.009700389
54525957899578,-9.426186E-4,0.0053893975,0.009167757
54525967827003,0.0011879103,0.0037915008,0.01236355
54525977754300,0.0038510715,0.0037915008,0.0139614465
54525987681597,0.0038510715,0.006987294,0.012896183
54525997608894,0.0011879103,0.006987294,0.01236355
54526007539608,0.0038510715,-0.0010021894,0.01236355
54526017466905,0.008112129,-0.008459041,0.011298286
54526027394330,0.007579497,-0.008459041,0.0139614465
54526037321627,0.0043837037,5.9570733E-4,0.015559343
54526047249052,0.0022531748,0.011780985,0.017157242
54526057176349,0.0043837037,0.016574673,0.01928777
54526067103774,0.004916336,0.019770468,0.019820401
54526077031071,0.007046865,0.024031525,0.020353034
54526086958368,0.0086447615,0.024031525,0.020885667
54526096885793,0.011307923,0.016042043,0.020885667
54526106813090,0.013438452,0.004324133,0.018755138
54526116740515,0.01077529,0.0016609718,0.018222505
54526126669760,0.009177394,0.0075199264,0.020353034
54526136597185,0.013438452,0.012846248,0.020353034
54526146524482,0.016634244,0.01550941,0.020885667
54526156451892,0.016634244,0.021900997,0.019820401
54526166379317,0.016634244,0.02775995,0.019820401
54526176306614,0.019297406,0.025096789,0.018755138
54526186234039,0.019830039,0.021368364,0.016624609
54526196161336,0.019297406,0.018705204,0.017689874
54526206088761,0.019830039,0.014444145,0.018222505
54526216017492,0.020895302,0.0053893975,0.016624609
54526225944917,0.01769951,0.0011283396,0.0139614465
54526235872342,0.016101614,0.0021936041,0.010233021
54526245799639,0.015568981,0.0011283396,0.009700389
54526255727064,0.012905819,6.30751E-5,0.010233021
54526265654489,0.012373187,-0.0015348216,0.010233021
54526275581786,0.012905819,-0.0010021894,0.010765654
54526285509211,0.015036348,-0.0015348216,0.013428815
54526295436636,0.014503716,-4.6955713E-4,0.01236355
54526305368240,0.016101614,0.0037915008,0.010765654
54526315295665,0.014503716,0.0032588686,0.011298286
54526325223090,0.015036348,-0.0010021894,0.011830918
54526335150515,0.015036348,5.9570733E-4,0.010233021
54526345077940,0.015036348,0.0053893975,0.009167757
54526355005365,0.017166877,0.00858519,0.009167757
54526364932790,0.019830039,0.009117823,0.0065045957
54526374860215,0.021427935,0.0048567653,0.004906699
54526384787640,0.021427935,-0.002600086,0.0059719635
54526394715065,0.023025833,-0.014317995,0.0027761704
54526404642490,0.021960568,-0.020176949,6.4564135E-4
54526414569915,0.018232143,-0.014850628,0.0011782736
54526424499540,0.015036348,-0.002600086,0.0017109058
54526434426965,0.01769951,0.008052559,0.0038414348
54526444354518,0.017166877,0.008052559,0.0027761704
54526454281929,0.012905819,0.0021936041,0.0027761704
54526464209354,0.013971085,-0.0020674537,0.0054393313
54526474136907,0.018232143,-0.008459041,0.0065045957
54526484064332,0.01769951,-0.014317995,0.0059719635
54526493991885,0.015036348,-0.01058957,0.0059719635
54526503919310,0.01077529,-0.0041979826,0.004906699
54526513852059,0.011307923,-0.0031327181,0.004374067
54526523779612,0.013971085,-0.0063285115,0.0027761704
54526533707165,0.012905819,-0.0132527305,0.0011782736
54526543634718,0.011840556,-0.014850628,0.0011782736
54526553562271,0.014503716,-0.009524304,0.0022435382
54526563489824,0.018232143,-0.0015348216,0.004906699
54526573417377,0.01769951,0.0021936041,0.004906699
54526583344930,0.016101614,-0.0031327181,0.0059719635
54526593272611,0.016634244,-0.0073937755,0.0038414348
54526603200150,0.017166877,-0.008459041,0.0038414348
54526613127703,0.016101614,-0.0073937755,0.0027761704
54526623055256,0.013971085,-0.0041979826,0.0027761704
54526632986629,0.015036348,-0.0020674537,0.0038414348
54526642914310,0.014503716,-0.0036653504,0.0022435382
54526652841863,0.013438452,-0.007926408,0.0017109058
54526662769544,0.011307923,-0.0132527305,-4.1962307E-4
54526672697097,0.009710027,-0.02284011,-0.0020175197
54526682624778,0.008112129,-0.02976433,-0.0020175197
54526692552331,0.0038510715,-0.02976433,-0.0020175197
54526702480012,0.0022531748,-0.025503272,-0.002550152
54526712407565,0.002785807,-0.020176949,-0.0014848876
54526722341744,0.0033184392,-0.013785362,-4.1962307E-4
54526732269425,0.0043837037,-0.014317995,-9.5225533E-4
54526742197106,0.0033184392,-0.015383258,-0.0014848876
54526752124773,0.002785807,-0.013785362,1.13009155E-4
54526762052454,0.0043837037,-0.0132527305,1.13009155E-4
54526771980135,0.005448968,-0.0132527305,1.13009155E-4
54526781907816,0.0043837037,-0.0068611437,0.0017109058
54526791835497,0.0038510715,-4.6955713E-4,0.0065045957
54526801763178,0.0059816004,0.0011283396,0.0065045957
54526811690639,0.009177394,5.9570733E-4,0.004374067
54526821618320,0.008112129,-0.0031327181,0.0065045957
54526831546129,0.004916336,-0.009524304,0.007037228
54526841473810,0.004916336,-0.007926408,0.007037228
54526851401491,0.007579497,-0.004730615,0.0065045957
54526861329172,0.007046865,-0.0063285115,0.0017109058
54526871256853,0.0033184392,-0.010056937,6.4564135E-4
54526881184534,0.0011879103,-0.010056937,6.4564135E-4
54526891112215,0.002785807,-0.004730615,0.0022435382
54526901040010,0.0022531748,-0.004730615,1.13009155E-4
54526910967691,0.0033184392,-0.0073937755,-9.5225533E-4
54526920895372,0.005448968,-0.009524304,1.13009155E-4
54526930820079,0.0038510715,-0.007926408,0.0011782736
54526940747760,6.552781E-4,-0.0036653504,0.0011782736
54526950675313,-9.426186E-4,-0.002600086,0.0033088026
54526960602994,0.0022531748,-0.005263247,0.0022435382
54526970530675,0.0043837037,-0.011654833,0.0027761704
54526980458356,0.0033184392,-0.015383258,0.004374067
54526990385909,0.0022531748,-0.0073937755,0.0033088026
54527000313590,0.0038510715,0.0075199264,0.0038414348
54527010241271,0.0043837037,0.019237835,0.0033088026
54527020166172,0.0033184392,0.023498893,0.004906699
54527030093725,-0.0014752508,0.012846248,6.4564135E-4
54527040021406,-0.0014752508,0.0011283396,1.13009155E-4
54527049948946,0.0011879103,-4.6955713E-4,6.4564135E-4
54527059876627,-4.0998636E-4,0.0027262364,0.0011782736
54527069804180,-0.0025405153,0.009117823,1.13009155E-4
54527079731861,-0.0052036764,0.012846248,0.0017109058
54527089659414,-0.002007883,0.00858519,0.0027761704
54527099586967,6.552781E-4,0.0053893975,0.0027761704
54527109507962,0.0033184392,0.0059220297,0.0033088026
54527119435515,0.0038510715,0.006987294,0.0017109058
54527129363068,0.0038510715,0.0048567653,-9.5225533E-4
54527139290621,0.0059816004,0.0048567653,-0.0014848876
54527149218174,0.004916336,0.009117823,1.13009155E-4
54527159145727,0.0033184392,0.011248352,0.0011782736
54527169073280,0.002785807,0.012846248,0.0011782736
54527179000833,0.0038510715,0.011780985,1.13009155E-4
54527188928386,0.0033184392,0.010715719,1.13009155E-4
54527198855924,6.552781E-4,0.008052559,1.13009155E-4
54527208783477,-9.426186E-4,0.0059220297,1.13009155E-4
54527218711158,-0.0014752508,0.0048567653,-4.1962307E-4
54527228636177,1.2264587E-4,0.0016609718,-0.0030827841
54527238563730,0.0011879103,-0.0020674537,-0.004680681
54527248491155,-4.0998636E-4,-0.0036653504,-0.0014848876
54527258418708,-0.0025405153,-0.0031327181,6.4564135E-4
54527268346261,-0.002007883,0.0016609718,0.0017109058
54527278273814,-4.0998636E-4,0.006454662,0.0027761704
54527288201367,-0.0014752508,0.010183088,0.0022435382
54527298128920,-0.0014752508,0.013378881,0.0017109058
54527308056473,0.0022531748,0.01550941,0.0027761704
54527317977568,0.0059816004,0.014976777,0.004374067
54527327904993,0.004916336,0.013378881,0.0033088026
54527337832546,0.0022531748,0.010183088,0.0027761704
54527347759956,0.0033184392,0.0037915008,-4.1962307E-4
54527357687509,0.005448968,0.0027262364,-0.0014848876
54527367614934,0.005448968,0.006454662,-0.0014848876
54527377542359,0.0011879103,0.008052559,-4.1962307E-4
54527387469912,0.0017205426,0.006987294,6.4564135E-4
54527397397337,0.0043837037,0.0037915008,0.0011782736
54527407324762,0.0038510715,0.0059220297,6.4564135E-4
54527417252315,6.552781E-4,0.0021936041,1.13009155E-4
54527427179740,1.2264587E-4,-0.0015348216,-0.0014848876
54527437106921,6.552781E-4,-0.002600086,-0.0020175197
54527447034474,-0.002007883,6.30751E-5,-0.0020175197
54527456961899,-0.004671044,0.0011283396,-0.0030827841
54527466889324,-0.0030731475,0.004324133,-0.0020175197
54527476816877,-4.0998636E-4,0.0048567653,-0.0014848876
54527486744302,0.002785807,-4.6955713E-4,-0.0030827841
54527496671713,0.005448968,-0.0010021894,-0.002550152
54527506599138,0.002785807,-0.0015348216,-0.0036154164
54527516526691,0.0011879103,-0.0010021894,-0.004680681
54527526458432,-4.0998636E-4,-4.6955713E-4,-0.0036154164
54527536385985,-4.0998636E-4,0.0048567653,-0.004148049
54527546313410,1.2264587E-4,0.0032588686,-0.0014848876
54527556240963,6.552781E-4,-0.0041979826,-0.0020175197
54527566168388,-9.426186E-4,-0.002600086,-0.002550152
54527576095941,-9.426186E-4,0.0075199264,-0.0014848876
54527586023366,0.0017205426,0.013378881,-4.1962307E-4
54527595950919,0.0017205426,0.012846248,0.0011782736
54527605878344,1.2264587E-4,0.006987294,0.0022435382
54527615798881,6.552781E-4,6.30751E-5,0.0011782736
54527625726306,0.0033184392,-0.0031327181,1.13009155E-4
54527635653731,0.0043837037,0.0016609718,-9.5225533E-4
54527645581143,0.0033184392,0.0053893975,-9.5225533E-4
54527655508568,0.0017205426,0.0053893975,0.0011782736
54527665435993,0.0022531748,5.9570733E-4,6.4564135E-4
54527675363418,0.0043837037,-0.0020674537,-4.1962307E-4
54527685290715,0.007046865,-0.0031327181,-0.002550152
54527695218140,0.0038510715,-0.004730615,-0.0020175197
54527705145565,0.002785807,-0.0057958793,-0.002550152
54527715072990,0.0017205426,-0.011122202,-0.0036154164
54527725000415,0.0011879103,-0.012187466,-0.0052133133
54527734924794,-0.0030731475,-0.008459041,-0.004680681
54527744852091,-0.0057363086,-0.002600086,-9.5225533E-4
54527754779516,-0.0030731475,0.0032588686,-0.0014848876
54527764706941,-0.0030731475,0.0053893975,-4.1962307E-4
54527774634238,-0.0025405153,0.0021936041,0.0017109058
54527784561663,-0.0014752508,-0.0036653504,0.0022435382
54527794488945,0.0022531748,-0.0063285115,0.0022435382
54527804416370,0.0043837037,-0.01058957,-4.1962307E-4
54527814343795,-4.0998636E-4,-0.009524304,-9.5225533E-4
54527824269970,-0.004138412,-0.0057958793,6.4564135E-4
54527834197267,-9.426186E-4,-0.0036653504,1.13009155E-4
54527844124564,0.0011879103,0.0016609718,1.13009155E-4
54527854051989,6.552781E-4,0.00858519,0.0027761704
54527863979286,1.2264587E-4,0.009650456,0.0038414348
54527873906711,0.0033184392,0.006987294,0.0033088026
54527883834008,0.009177394,0.0016609718,0.004906699
54527893761305,0.010242658,6.30751E-5,0.004374067
54527903688730,0.007046865,-0.0015348216,0.0011782736
54527913621677,0.0043837037,-0.0041979826,-4.1962307E-4
54527923548974,6.552781E-4,0.0011283396,-4.1962307E-4
54527933476399,1.2264587E-4,0.009117823,1.13009155E-4
54527943403811,1.2264587E-4,0.010715719,-4.1962307E-4
54527953331236,6.552781E-4,0.0048567653,-0.0030827841
54527963258661,-9.426186E-4,-0.005263247,-0.0036154164
54527973186086,-0.004138412,-0.014317995,-0.004148049
54527983113383,-0.007334205,-0.014317995,-0.00681121
54527993040808,-0.00839947,-0.0132527305,-0.008941739
54528002968233,-0.00839947,-0.012720099,-0.007343842
54528012895658,-0.00839947,-0.012187466,-0.004680681
54528022823083,-0.011595262,-0.012187466,-0.0014848876
54528032749132,-0.007334205,-0.008459041,1.13009155E-4
54528042676557,-0.0030731475,-0.0015348216,0.0022435382
54528052603854,-0.0030731475,0.0059220297,0.0027761704
54528062531279,-0.002007883,0.008052559,0.0022435382
54528072458576,-4.0998636E-4,0.009650456,0.0027761704
54528082386001,-4.0998636E-4,0.011780985,0.004374067
54528092313283,0.0011879103,0.017639939,0.0033088026
54528102240708,0.008112129,0.012313616,0.0038414348
54528112168005,0.009710027,0.0021936041,0.0022435382
54528122099440,0.0059816004,-0.0010021894,0.0017109058
54528132026865,0.004916336,-0.0020674537,1.13009155E-4
54528141954162,0.0065142326,0.0037915008,-9.5225533E-4
54528151881587,0.005448968,0.009650456,-0.0020175197
54528161809012,0.004916336,0.006987294,-0.004148049
54528171736437,-0.002007883,0.0032588686,-0.0057459455
54528181663734,-0.0030731475,-0.0010021894,-0.0052133133
54528191591159,-0.0025405153,-0.0036653504,-0.00681121
54528201518584,1.2264587E-4,-0.0036653504,-0.007343842
54528211446009,6.552781E-4,-0.01058957,-0.009474372
54528221373434,0.0038510715,-0.0132527305,-0.010007003
54528231300731,0.005448968,-0.014317995,-0.011072268
54528241237170,0.004916336,-0.012187466,-0.012670164
54528251164723,0.0033184392,-0.010056937,-0.014268061
54528261092148,6.552781E-4,-0.011654833,-0.016398588
54528271019701,-4.0998636E-4,-0.013785362,-0.019594382
54528280947126,0.0011879103,-0.01751379,-0.022257544
54528290874679,0.005448968,-0.020176949,-0.023322808
54528300802104,0.008112129,-0.021774847,-0.020659646
54528310729657,0.005448968,-0.015383258,-0.01906175
54528320657082,0.0017205426,-0.0036653504,-0.015865957
54528330588567,-0.0025405153,0.0021936041,-0.015333326
54528340516120,-0.006268941,-0.0036653504,-0.018529119
54528350443673,-0.0089321025,-0.021242214,-0.023322808
54528360371354,-0.009997366,-0.03988434,-0.02385544
54528370298907,-0.009464733,-0.052134883,-0.021724911
54528380226460,-0.009997366,-0.04893909,-0.017463854
54528390153998,-0.007866837,-0.034025386,-0.014268061
54528400081551,-0.006268941,-0.014850628,-0.0116049005
54528410009104,-0.006268941,5.9570733E-4,-0.008941739
54528419935663,-0.006801573,0.0053893975,-0.008941739
54528429863216,-0.009464733,5.9570733E-4,-0.011072268
54528439790769,-0.011062631,-0.007926408,-0.012137532
54528449718322,-0.009997366,-0.016981157,-0.013202797
54528459645875,-0.011062631,-0.027633801,-0.013735429
54528469573428,-0.012127895,-0.029231697,-0.011072268
54528479500981,-0.012127895,-0.023372743,-0.010539635
54528489428534,-0.0089321025,-0.014317995,-0.010539635
54528499356087,-0.006268941,-0.0057958793,-0.007876474
54528509283768,-0.0057363086,0.004324133,-0.0062785777
54528519211321,-0.006801573,0.0059220297,-0.0062785777
54528529138874,-0.0089321025,0.0021936041,-0.0036154164
54528539076307,-0.010529999,-0.0031327181,-0.0030827841
54528549003988,-0.012660528,-0.005263247,-0.0020175197
54528558931669,-0.012127895,0.0011283396,0.0022435382
54528568859350,-0.010529999,0.010715719,0.004374067
54528578787031,-0.007334205,0.019237835,0.0075698597
54528588714712,-0.004671044,0.023498893,0.0075698597
54528598642393,-0.007334205,0.021900997,0.008102492
54528608570074,-0.006268941,0.0203031,0.007037228
54528618497755,-0.007866837,0.012846248,0.007037228
54528628424760,-0.009464733,0.006454662,0.0075698597
54528638352441,-0.009997366,0.0032588686,0.0059719635
54528648280122,-0.007334205,0.006987294,0.0065045957
54528658207803,-0.004138412,0.008052559,0.007037228
54528668135612,-0.0025405153,0.0016609718,0.0059719635
54528678063293,-0.0036057797,-0.0036653504,0.0065045957
54528687990959,-0.00839947,-0.002600086,0.008102492
54528697918640,-0.0089321025,0.0048567653,0.010765654
54528707846321,-0.006268941,0.013378881,0.013428815
54528717771796,-0.0030731475,0.0203031,0.0139614465
54528727699477,-0.004138412,0.022966262,0.012896183
54528737627158,-0.00839947,0.013378881,0.010765654
54528747554711,-0.012127895,0.0048567653,0.009700389
54528757482392,-0.012660528,0.004324133,0.010233021
54528767410073,-0.009997366,0.0053893975,0.010765654
54528777337754,-0.0036057797,0.0032588686,0.011830918
54528787265435,1.2264587E-4,-0.0015348216,0.011830918
54528797193116,6.552781E-4,-0.0073937755,0.009700389
54528807120797,-9.426186E-4,-0.012187466,0.009700389
54528817048478,-0.0025405153,-0.012187466,0.0065045957
54528826976159,-0.0036057797,-0.008991673,0.0054393313
54528836903540,-0.0030731475,-4.6955713E-4,0.007037228
54528846831221,-0.002007883,0.009650456,0.008102492
54528856758902,-0.002007883,0.011780985,0.009167757
54528866686583,-0.004138412,0.008052559,0.008102492
54528876614264,-0.004671044,0.0037915008,0.007037228
54528886541945,-0.004671044,0.0027262364,0.0065045957
54528896469626,-0.004671044,5.9570733E-4,0.0054393313
54528906397307,-0.004671044,-0.0036653504,0.004374067
54528916324988,-0.0036057797,-0.0068611437,0.0038414348
54528926253237,-0.0057363086,-0.0041979826,0.0033088026
54528936180790,-0.004671044,0.0016609718,0.0038414348
54528946108471,-0.0014752508,0.0021936041,0.004374067
54528956036152,0.0017205426,5.9570733E-4,0.004374067
54528965963833,0.0043837037,-0.0010021894,0.004374067
54528975891514,0.0033184392,-0.0020674537,0.0038414348
54528985819180,0.0011879103,-0.0010021894,0.0027761704
54528995746861,0.0011879103,-0.0015348216,0.0033088026
54529005674542,0.0011879103,0.0016609718,0.0027761704
54529015602223,0.0017205426,0.004324133,0.004374067
54529025529776,0.0033184392,0.0048567653,0.0054393313
54529035457457,0.005448968,0.0053893975,0.0054393313
54529045380550,0.009710027,0.0048567653,0.0059719635
54529055308231,0.0086447615,0.0027262364,0.004374067
54529065235784,0.0065142326,6.30751E-5,0.0022435382
54529075163465,0.0043837037,-0.004730615,0.0011782736
54529085091146,0.0033184392,-0.0073937755,0.0017109058
54529095018699,0.0017205426,-0.002600086,0.0027761704
54529104946380,1.2264587E-4,0.0059220297,0.004374067
54529114874061,0.0011879103,0.011248352,0.0059719635
54529124801614,0.0022531748,0.013911514,0.008102492
54529134719638,0.0043837037,0.013378881,0.008635125
54529144647191,0.0059816004,0.0037915008,0.0075698597
54529154574744,0.009710027,-0.005263247,0.004906699
54529164502297,0.0086447615,-0.0068611437,0.0054393313
54529174429850,0.005448968,-4.6955713E-4,0.0075698597
54529184357531,0.002785807,0.012313616,0.009700389
54529194285084,0.0033184392,0.026694687,0.011298286
54529204212637,0.004916336,0.03415154,0.010233021
54529214140190,0.0059816004,0.033086274,0.010765654
54529224063933,0.0059816004,0.021900997,0.009167757
54529233991358,0.008112129,0.011780985,0.009700389
54529243918911,0.010242658,0.0053893975,0.010233021
54529253846336,0.011840556,0.0016609718,0.011298286
54529263773889,0.01077529,0.0048567653,0.011298286
54529273701442,0.011307923,0.012846248,0.01236355
54529283628853,0.012373187,0.02243363,0.013428815
54529293556406,0.012373187,0.026162054,0.013428815
54529303483831,0.008112129,0.03255364,0.014494079
54529313411384,0.0022531748,0.03255364,0.0139614465
54529323338937,0.0017205426,0.028825216,0.015559343
54529333266362,0.0033184392,0.024564158,0.017157242
54529343187735,0.0086447615,0.017639939,0.017157242
54529353115160,0.014503716,0.013911514,0.015026712
54529363042585,0.013971085,0.012313616,0.0139614465
54529372970010,0.010242658,0.011780985,0.012896183
54529382897435,0.008112129,0.013378881,0.01236355
54529392824860,0.007579497,0.017639939,0.013428815
54529402752285,0.01077529,0.019237835,0.01236355
54529412679710,0.013438452,0.02243363,0.01236355
54529422607135,0.01769951,0.025096789,0.011830918
54529432526196,0.023025833,0.03202101,0.011830918
54529442453493,0.024091097,0.03947786,0.0139614465
54529452380790,0.018764775,0.044804182,0.016091976
54529462308087,0.015036348,0.04906524,0.018222505
54529472235384,0.012373187,0.0517284,0.020885667
54529482162681,0.012373187,0.059717886,0.0214183
54529492089978,0.015568981,0.06397894,0.025146725
54529502017403,0.019830039,0.061315782,0.027809886
54529511944700,0.0224932,0.057054725,0.025146725
54529521870815,0.02515636,0.053326298,0.024614092
54529531798112,0.026754258,0.052261032,0.024614092
54529541725409,0.02515636,0.04906524,0.020353034
54529551652706,0.023558464,0.045869447,0.015559343
54529561580003,0.020895302,0.042673655,0.013428815
54529571507300,0.018764775,0.0352168,0.011298286
54529581434582,0.020362671,0.02989048,0.009700389
54529591361879,0.019297406,0.029357847,0.010233021
54529601289176,0.016101614,0.033086274,0.0075698597
54529611216473,0.016101614,0.033618905,0.007037228
54529621143770,0.016101614,0.031488378,0.004906699
54529631071067,0.012905819,0.02775995,0.0038414348
54529640992124,0.011307923,0.024031525,6.4564135E-4
54529650919293,0.008112129,0.0203031,-0.0014848876
54529660846590,0.0038510715,0.0203031,-0.0020175197
54529670773759,0.0017205426,0.019770468,-0.002550152
54529680700928,0.0011879103,0.01550941,-0.0020175197
54529690628225,0.0011879103,0.012313616,-4.1962307E-4
54529700555394,0.0033184392,0.012313616,0.0017109058
54529710482563,0.005448968,0.013378881,0.0033088026
54529720409860,0.009177394,0.016042043,0.0022435382
54529730337033,0.007579497,0.016574673,0.0011782736
54529740264202,0.007046865,0.018705204,1.13009155E-4
54529750191371,0.005448968,0.019770468,0.0017109058
54529760118668,0.007579497,0.016574673,0.0017109058
54529770045837,0.0086447615,0.013378881,0.0022435382
54529779973006,0.010242658,0.016042043,0.0033088026
54529789900175,0.015036348,0.018705204,0.0011782736
54529799827344,0.016101614,0.023498893,0.0027761704
54529809754513,0.012373187,0.022966262,0.0022435382
54529819681810,0.004916336,0.019770468,0.0011782736
54529829608979,1.2264587E-4,0.013911514,0.0022435382
54529839536148,-0.0014752508,0.010183088,0.0027761704
54529849467297,-0.0036057797,0.008052559,0.0011782736
54529859394466,-0.004138412,0.0027262364,0.0022435382
54529869321763,-0.0036057797,5.9570733E-4,0.0022435382
54529879248918,-0.0014752508,0.0032588686,0.004374067
54529889176215,1.2264587E-4,0.0075199264,0.0065045957
54529899103384,-0.002007883,0.00858519,0.004906699
54529909030681,6.552781E-4,0.0059220297,0.0065045957
54529918957850,6.552781E-4,0.0059220297,0.0075698597
54529928885147,0.0011879103,0.0075199264,0.007037228
54529938812340,0.002785807,0.0075199264,0.008102492
54529948739509,0.0033184392,0.009117823,0.009167757
54529958666678,0.0059816004,0.006987294,0.0065045957
54529968593975,0.0086447615,0.0021936041,0.0027761704
54529978521144,0.012905819,-0.002600086,6.4564135E-4
54529988448313,0.01769951,-0.002600086,-0.0014848876
54529998375610,0.015036348,0.0011283396,0.0011782736
54530008302779,0.009177394,0.0016609718,0.0038414348
54530018230076,0.0038510715,6.30751E-5,0.0065045957
54530028158359,6.552781E-4,0.0016609718,0.008635125
54530038085528,0.0022531748,0.0037915008,0.009700389
54530048012825,0.0017205426,0.0027262364,0.009700389
54530057939994,1.2264587E-4,0.0016609718,0.008635125
54530067867163,-0.002007883,-4.6955713E-4,0.0065045957
54530077794460,-9.426186E-4,-0.0020674537,0.0065045957
54530087721629,1.2264587E-4,-0.007926408,0.004906699
54530097648798,0.0011879103,-0.010056937,0.0027761704
54530107575967,0.0033184392,-0.012720099,0.0017109058
54530117503264,0.004916336,-0.015383258,0.0033088026
54530127430433,0.0038510715,-0.010056937,0.004906699
54530137357602,0.002785807,-0.0010021894,0.004374067
54530147289215,0.0017205426,0.0075199264,0.0065045957
54530157216512,1.2264587E-4,0.009650456,0.008102492
54530167143809,0.0011879103,0.0059220297,0.0065045957
54530177071092,0.0022531748,-4.6955713E-4,0.0033088026
54530186998261,0.0038510715,-0.012720099,0.0017109058
54530196925558,0.0038510715,-0.020709582,1.13009155E-4
54530206852855,0.0038510715,-0.021242214,-0.0020175197
54530216780152,0.0011879103,-0.019644316,0.0011782736
54530226707321,0.0011879103,-0.011654833,1.13009155E-4
54530236641866,1.2264587E-4,0.0037915008,0.0017109058
54530246569291,-0.0025405153,0.016042043,0.0027761704
54530256496588,1.2264587E-4,0.021900997,0.0017109058
54530266423885,0.0043837037,0.017639939,-0.0020175197
54530276351182,0.0033184392,0.006454662,-0.0020175197
54530286278607,-0.0014752508,0.0021936041,-0.002550152
54530296205904,-0.0025405153,0.010715719,-0.0014848876
54530306133201,6.552781E-4,0.025096789,1.13009155E-4
54530316060498,0.0043837037,0.0352168,0.0027761704
54530325986605,0.002785807,0.040010493,0.0065045957
54530335913902,6.552781E-4,0.03202101,0.008635125
54530345841199,1.2264587E-4,0.019237835,0.008102492
54530355768624,-4.0998636E-4,0.019770468,0.008635125
54530365695921,-0.0030731475,0.021368364,0.009167757
54530375623218,-0.0025405153,0.018705204,0.009700389
54530385550643,6.552781E-4,0.017107306,0.009167757
54530395477940,0.0043837037,0.009650456,0.010233021
54530405405237,0.008112129,-0.0036653504,0.009700389
54530415332534,0.010242658,-0.0132527305,0.009700389
54530425259959,0.010242658,-0.01751379,0.009700389
54530435187256,0.0086447615,-0.020176949,0.009700389
54530445119575,0.008112129,-0.027633801,0.010233021
54530455047000,0.007046865,-0.030296963,0.008635125
54530464974425,0.0059816004,-0.026035905,0.008635125
54530474901836,0.0033184392,-0.019644316,0.0075698597
54530484829261,0.0011879103,-0.011122202,0.007037228
54530494756558,-4.0998636E-4,-0.0073937755,0.004906699
54530504683983,0.0065142326,-0.026035905,0.0022435382
54530514611408,0.009177394,-0.047341194,-0.0020175197
54530524538833,0.0065142326,-0.05586331,-0.002550152
54530534480850,0.0043837037,-0.063852794,-0.0020175197
54530544408403,0.0043837037,-0.060124367,-0.0014848876
54530554335956,0.0033184392,-0.050004356,-4.1962307E-4
54530564263637,0.0011879103,-0.04627593,0.0022435382
54530574191190,1.2264587E-4,-0.03935171,0.0033088026
54530584118743,0.0059816004,-0.02976433,0.0027761704
54530594046296,0.011307923,-0.029231697,0.004906699
54530603973849,0.01077529,-0.03509065,0.0027761704
54530613901530,0.0086447615,-0.03881908,1.13009155E-4
54530623829069,0.007579497,-0.045743298,-0.002550152
54530633756622,0.009710027,-0.05852647,-0.004148049
54530643684175,0.013438452,-0.059591733,-4.1962307E-4
54530653618270,0.017166877,-0.04148224,0.0033088026
54530663545951,0.011840556,-0.019644316,0.0059719635
54530673473632,0.013971085,-0.010056937,0.010765654
54530683401313,0.021960568,0.0059220297,0.011830918
54530693328866,0.014503716,0.023498893,0.011830918
54530703256547,-0.004671044,0.022966262,0.0054393313
54530713184228,-0.016921585,0.02775995,-0.0014848876
54530723111909,-0.009997366,0.03415154,-0.004680681
54530733039590,-0.00839947,0.019237835,-0.007343842
54530742965059,0.0022531748,0.033086274,-0.0020175197
54530752892740,0.008112129,0.04906524,0.0027761704
54530762820421,-0.0036057797,0.06397894,6.4564135E-4
54530772747959,0.0022531748,0.06291368,-0.0020175197
54530782675640,0.011840556,0.042673655,-0.009474372
54530792603193,0.005448968,0.0032588686,-0.013735429
54530802530874,0.0033184392,-0.028699065,-0.01693122
54530812458427,0.002785807,-0.028166432,-0.008409106
54530822386108,-9.426186E-4,0.010715719,-0.0030827841
54530832317727,-0.03982477,0.24028021,-0.024388073
54530842245408,-0.13090488,0.44054994,0.009167757
54530852173089,-0.11545855,0.41125518,-0.016398588
54530862100770,-0.14262278,0.2546613,-0.04249757
54530872028451,-0.14262278,0.07090316,-0.013735429
54530881956132,-0.032900553,-0.07130965,0.013428815
54530891883813,0.15937968,-0.06438543,0.06296361
54530901811494,0.237144,0.050130505,-0.008409106
54530911739303,0.072027996,0.11085057,-0.027583865
54530921666970,-0.050477415,0.19447383,0.018755138
54530931594651,-0.06379322,0.17157064,-0.0062785777
54530941519742,-0.031835288,0.04906524,-0.0014848876
54530951447423,0.021427935,-0.052667517,-0.012137532
54530961375104,0.06670167,-0.10806127,-0.013735429
54530971302913,0.07628906,-0.12031181,0.0027761704
54530981230594,0.05658166,-0.05639594,0.0054393313
54530991158275,0.030482683,-0.037221182,0.012896183
54531001085956,-0.009997366,-0.03509065,0.011830918
54531011013637,-0.017454218,-0.020176949,0.0027761704
54531020941318,0.009710027,-0.014317995,-0.0030827841
54531030868999,0.033145845,0.068239994,-0.03344282
54531040788518,0.050190076,0.14280851,-0.03983441
54531050716071,0.043265857,0.1641138,-0.032377556
54531060643752,0.028352154,0.13854745,-0.0446281
54531070571291,0.021427935,0.04427155,-0.04782389
54531080498972,0.020895302,-0.03509065,-0.060074434
54531090426525,0.02462373,-0.07663597,-0.07339024
54531100354206,0.024091097,-0.09314757,-0.06433549
54531110281759,0.028352154,-0.10433284,-0.028116498
54531120209440,0.052320603,-0.05373278,-0.0057459455
54531130136993,0.06829957,0.019770468,0.011298286
54531140056964,0.050722707,0.026694687,0.03420147
54531149984517,0.035276372,-0.011654833,0.06349624
54531159912070,0.036341637,-0.0425475,0.027809886
54531169839623,0.017166877,-0.1714445,-0.024388073
54531179767176,-0.04461846,-0.36532262,-0.025453337
54531189694601,-0.040357403,-0.45480484,-0.038769145
54531199622154,-0.02065001,-0.40899846,-0.06540076
54531209549707,-0.040890034,-0.36052895,-0.057943903
54531219477246,-0.057934266,-0.33070153,-0.036105983
54531229404799,-0.057934266,-0.38343212,-0.048356526
54531239328670,-0.043553196,-0.49262172,-0.023322808
54531249256095,0.03154795,-0.5645271,0.09385628
54531259183648,0.19187024,-0.57731026,0.057104655
54531269111073,0.29520088,-0.596485,-0.0030827841
54531279038626,0.23128504,-0.55227655,6.4564135E-4
54531288966051,0.09599645,-0.45214167,0.022483563
54531298893604,-0.029172126,-0.40207425,0.051778335
54531308821029,-0.09095746,-0.49315435,0.073083624
54531318748582,-0.081370085,-0.6566725,0.06349624
54531328676007,-0.021182643,-0.7855695,0.04112569
54531338603560,0.10132277,-0.87611693,0.07840995
54531348530985,0.26111242,-0.87079066,0.052310966
54531358450230,0.29786405,-0.7445568,-0.08830394
54531368377642,0.21104501,-0.62897563,-0.09735869
54531378305067,0.10132277,-0.5810387,-0.055280745
54531388232492,0.014503716,-0.62684506,-0.028116498
54531398159789,-0.047814254,-0.71046835,-0.02598597
54531408087214,-0.083500616,-0.7339042,-0.022790177
54531418014639,-0.09362063,-0.64655244,-0.008941739
54531427942064,-0.064325854,-0.5101986,0.0065045957
54531437869489,-0.020117378,-0.3882258,0.009700389
54531447796786,0.02515636,-0.34135416,0.032070942
54531457720201,0.052320603,-0.35200682,0.044854116
54531467647498,0.057114296,-0.38875845,0.034734104
54531477574923,0.033145845,-0.3866279,0.014494079
54531487502220,-0.012660528,-0.3536047,0.021950932
54531497429517,-0.05154268,-0.35626787,0.062430978
54531507356942,-0.0584669,-0.4425543,0.09545418
54531517284224,-0.053673208,-0.5741145,0.095986806
54531527211649,-0.053673208,-0.71685994,0.07148573
54531537138946,-0.05633637,-0.8777149,0.02887515
54531547066243,-0.070184804,-1.0364393,0.0054393313
54531556991328,-0.103208005,-1.1637384,-0.0014848876
54531566918625,-0.13516594,-1.2841133,-0.041964937
54531576845922,-0.1378291,-1.4348482,-0.10534817
54531586773219,-0.1197196,-1.5941052,-0.15754612
54531596700516,-0.10054485,-1.7134148,-0.19376512
54531606627813,-0.10959959,-1.7352527,-0.2480936
54531616555110,-0.13942699,-1.6702716,-0.29869366
54531626482407,-0.16126491,-1.5445704,-0.30348736
54531636409704,-0.1708523,-1.3368438,-0.28484523
54531646337001,-0.13995963,-1.0843762,-0.27099678
54531656261264,-0.064325854,-0.88357383,-0.27206206
54531666188546,0.01769951,-0.76639473,-0.2299841
54531676115843,0.036341637,-0.62631243,-0.19376512
54531686043012,0.02462373,-0.48250172,-0.20122197
54531695970309,0.0555164,-0.40047634,-0.21773356
54531705897606,0.14127019,-0.40047634,-0.24223465
54531715824903,0.25152504,-0.45107642,-0.3210642
54531725752072,0.3452683,-0.467588,-0.43717805
54531735679369,0.44167474,-0.42231426,-0.5271929
54531745606666,0.5380812,-0.29927623,-0.5671403
54531755530593,0.61744344,-0.06758122,-0.55595505
54531765457762,0.6589887,0.32869717,-0.49843076
54531775385059,0.6829572,0.8394914,-0.39616537
54531785312228,0.70266455,1.3534815,-0.28324732
54531795239397,0.7543299,1.7172693,-0.24862623
54531805166566,0.84541,1.8456337,-0.28537786
54531815093848,0.9226417,1.7534883,-0.3157379
54531825021017,0.93542486,1.4616059,-0.2928347
54531834948186,0.84754056,1.1121992,-0.23531044
54531844875483,0.6840224,0.84108937,-0.231582
54531854807028,0.52529806,0.604068,-0.29230207
54531864734197,0.4177063,0.33508876,-0.3636748
54531874661494,0.37562835,0.061848413,-0.42119908
54531884588663,0.350062,-0.21671824,-0.44570017
54531894515960,0.27442822,-0.62844294,-0.40735063
54531904443257,0.128487,-1.2042184,-0.32745582
54531914370426,0.024091097,-1.6862506,-0.2928347
54531924297723,0.009177394,-1.8817266,-0.31414
54531934224892,0.012905819,-1.8252676,-0.28377995
54531944152189,0.012373187,-1.5530925,-0.19589564
54531954077616,0.025688993,-1.1387047,-0.11759871
54531964004771,0.07149536,-0.63589984,-0.13624084
54531973931940,0.1497923,-0.1565308,-0.26513782
54531983859109,0.27815667,0.1492001,-0.51494235
54531993786278,0.36231256,0.51139,-0.82546693
54532003713447,0.3234304,1.1697234,-1.0481073
54532013640616,0.27176505,1.84084,-1.2020379
54532023567785,0.41823894,2.0528278,-1.4443855
54532033494954,0.70266455,1.7529557,-1.5823374
54532043422251,1.0355597,1.1883656,-1.4497119
54532053351108,1.4691223,0.8144577,-1.1146863
54532063278277,2.0134723,0.6733102,-0.77220374
54532073205446,2.5013635,0.44427836,-0.45582017
54532083132615,2.757027,0.2978045,-0.11440292
54532093059784,2.7943113,0.24560653,0.15830478
54532102986953,2.652631,0.10499162,0.41343564
54532112914108,2.4843192,-0.27211198,0.5812148
54532122841277,2.4347844,-0.51232916,0.60252005
54532132768446,2.3959024,-0.64442194,0.58920425
54532142695615,2.2792559,-1.0928982,0.6099769
54532152627486,2.1556852,-1.7656127,0.6531201
54532162554655,2.1279883,-2.2045016,0.6850781
54532172481952,2.1290536,-2.4628282,0.6824149
54532182409249,2.051822,-2.5736158,0.753255
54532192336418,2.001222,-2.395184,0.9322194
54532202263715,1.9756556,-2.1022363,1.202264
54532212190884,2.024125,-1.6793264,1.4898853
54532222118181,2.025723,-1.2084795,1.7093298
54532232045478,1.8329102,-0.94216335,1.5207781
54532241972647,1.4962866,-0.9821108,0.9913416
54532251907246,1.0728439,-1.1195298,0.5268863
54532261834529,0.72556776,-1.329387,0.376684
54532271761954,0.5237001,-1.5525599,0.42302302
54532281689251,0.5380812,-1.6692064,0.5657684
54532291616548,0.8257026,-1.8082234,0.872032
54532301543973,0.9737744,-1.8002338,1.1021291
54532311471270,0.5822897,-1.530722,1.109586
54532321398567,0.47789374,-1.323528,1.2288955
54532331325992,0.8097237,-1.3144733,1.3609884
54532341253289,1.0957471,-1.4348482,1.3391504
54532351179142,1.1106609,-1.5243304,1.3476726
54532361106567,1.0318313,-1.6654779,1.6113255
54532371033864,0.89601004,-1.7230022,1.8068016
54532380961161,0.6249003,-1.4550881,1.762593
54532390888586,0.30745143,-0.9709255,1.7775067
54532400815883,0.0704301,-0.43563008,1.8254436
54532410743166,-0.10587117,0.14014535,1.6826982
54532420670591,-0.19535337,0.5348258,1.4153168
54532430597888,-0.23636606,0.7015397,1.1133144
54532440525185,-0.27045453,0.7579987,0.93914366
54532450460516,-0.32318512,0.7718471,0.9146426
54532460387941,-0.44249475,0.6999418,0.9338173
54532470315494,-0.6369055,0.5795669,0.97429734
54532480242919,-0.8371752,0.55666375,1.0973355
54532490170344,-0.9682027,0.66425544,1.2272977
54532500097769,-1.0358471,0.75213975,1.2560598
54532510025194,-1.1066871,0.72710603,1.1735018
54532519952747,-1.0731313,0.676506,0.99240685
54532529880172,-1.0017586,0.7537377,0.78041923
54532539807597,-0.94423425,0.90873367,0.6200969
54532549740112,-0.824392,0.8815694,0.42888197
54532559667522,-0.6864403,0.61525327,0.23979752
54532569595075,-0.628916,0.40592885,0.19292589
54532579522628,-0.6305139,1.0919591,0.2344712
54532589450181,-0.618796,1.512206,0.18546903
54532599377606,-0.5761854,1.1718539,0.15510899
54532609305159,-0.52292216,0.8171209,0.16416374
54532619232712,-0.46912637,0.67117965,0.26483124
54532629160137,-0.43876633,0.4251036,0.4411325
54532639087690,-0.45740846,-0.04893909,0.60731375
54532649019761,-0.44249475,-0.41006374,0.7021223
54532658947314,-0.2598019,-0.5496134,0.8043877
54532668874867,-0.09894695,-0.61299664,0.8224972
54532678802420,-0.13942699,-0.5783755,0.8246277
54532688729973,-0.23103975,-0.47824067,0.88907623
54532698657526,-0.19269022,-0.328571,1.1346197
54532708585064,-0.096283786,-0.043080136,1.5111907
54532718512617,1.2264587E-4,0.40060252,1.7812352
54532728440170,0.36923677,0.9263105,1.9165238
54532738367851,0.9593933,1.1026118,2.0821724
54532748297806,1.2102631,0.898081,2.3112042
54532758225359,0.8230395,0.5348258,2.4198613
54532768152912,0.3798894,0.6972786,2.3745875
54532778080465,0.23128504,1.325252,2.2137325
54532788008146,0.2754935,1.5910355,2.0736504
54532797935699,0.27442822,1.4259195,1.9356985
54532807863252,0.27336296,1.1462876,1.8925554
54532817790805,0.20039237,0.9742474,1.8041384
54532827718486,0.25631872,0.92418,1.7593973
54532837646039,0.24460083,1.3662647,1.7396898
54532847570992,0.08161537,1.919137,1.6773719
54532857498530,-0.08563114,2.4288661,1.6070645
54532867426211,-0.117056444,2.9455194,1.5186476
54532877353764,-0.11173012,3.2986546,1.43822
54532887281317,-0.077109024,3.1969218,1.3764347
54532897208998,0.0390048,2.6333969,1.2081228
54532907136551,0.0390048,1.9500296,0.9535247
54532917064104,-0.16392808,1.3295131,0.65684855
54532926991657,-0.23956186,0.71698606,0.44379565
54532936919338,-0.031835288,0.23069282,0.43580619
54532946838105,0.16204284,0.014444145,0.5380716
54532956765658,0.2525903,-0.31685308,0.8342151
54532966693083,0.44060948,-0.89103067,1.4850917
54532976620636,0.7958752,-1.0236561,1.9591343
54532986548061,0.746873,-0.37384474,1.9085343
54532996475614,0.088006966,0.56731635,1.7189173
54533006403025,-0.4084063,0.17636433,1.5921507
54533016330578,-0.34182727,-0.24015406,1.4680474
54533026258131,-0.27844402,-0.17890136,1.2816261
54533036185556,-0.5154653,-0.22896878,1.2826915
54533046110513,-0.4446253,-0.25187194,1.3189104
54533056037938,-0.3242504,-0.2657204,1.2725714
54533065965363,-0.28536823,-0.5847671,1.1655123
54533075892916,0.10292067,-0.97998023,1.1090534
54533085820341,-0.06965218,0.011780985,1.262984
54533095747766,-0.59056646,1.206475,1.1900134
54533105675191,-0.4760506,1.4514859,0.65844643
54533115602744,-0.054205842,1.4173974,0.16150057
54533125530169,-0.09308799,1.5042164,-0.13091451
54533135457594,-0.4845727,1.4099406,-0.21240725
54533145380063,-0.71253926,0.85174197,-0.013735429
54533155307346,-0.6736571,0.2679771,0.2557765
54533165234771,-0.27844402,0.3574593,0.27814704
54533175162196,0.020362671,0.5412174,0.0975847
54533185089621,-0.13729647,0.19500646,0.035266735
54533195017046,-0.21293025,-0.35893103,0.08693206
54533204944471,0.08108275,-0.75520945,0.17641428
54533214871896,0.5705718,-0.9496202,0.22435118
54533224799321,0.9444796,-0.9277823,0.16363111
54533234726746,1.155402,-0.80794,-0.017996486
54533244654171,1.2720485,-0.7227189,-0.2512894
54533254581596,1.3791075,-0.71899045,-0.4350475
54533264508357,1.592693,-0.8074074,-0.5506287
54533274435654,1.8728576,-1.132313,-0.6129467
54533284363079,2.1599462,-1.5131451,-0.64543724
54533294290504,2.4720688,-1.8092886,-0.66567725
54533304217914,2.7447765,-2.1246068,-0.7205384
54533314145211,2.926404,-2.4266093,-0.86434907
54533324072636,3.04092,-2.7147634,-1.0928483
54533334000061,3.1474464,-2.984275,-1.351175
54533343927486,3.2912571,-3.0822794,-1.5924573
54533353854911,3.476613,-2.9544477,-1.7570407
54533363780704,3.7226892,-2.657239,-1.7826071
54533373708129,3.9479926,-2.490525,-1.6340027
54533383635426,4.0641065,-2.6828053,-1.3479792
54533393562851,4.08914,-3.10465,-0.99431133
54533403490148,4.03854,-3.5973349,-0.59110874
54533413417573,3.9586453,-4.0644536,-0.16074191
54533423344998,3.8665,-4.4080014,0.17321849
54533433272295,3.7834094,-4.6455555,0.4262188
54533443199720,3.746125,-4.6641974,0.6046506
54533453127002,3.767963,-4.483635,0.6941328
54533463054927,3.796725,-4.3531404,0.6840128
54533472982352,3.687003,-4.267919,0.5902695
54533482909777,3.4814067,-4.194416,0.45817673
54533492837074,3.2848654,-4.145414,0.34579134
54533502764499,3.1506422,-4.1992097,0.27495125
54533512691796,3.0675516,-4.3105297,0.23340593
54533522619221,3.004701,-4.46233,0.25045016
54533532546646,2.9647536,-4.6045427,0.35910714
54533542473943,2.9807324,-4.748886,0.44379565
54533552401368,3.1165538,-4.8964252,0.45125252
54533562334785,3.2300043,-4.720124,0.60944426
54533572262210,3.1469138,-4.2237105,0.8411393
54533582189635,2.9983094,-3.8444762,0.8928046
54533592117060,2.7485049,-3.582954,0.8975983
54533602044470,2.4193382,-3.267103,0.9466005
54533611971895,2.1253252,-2.975753,0.9513942
54533621899320,1.9442303,-2.9619045,0.9567205
54533631826745,1.8829776,-3.2681682,0.9252952
54533641754170,1.757809,-3.6777623,0.8224972
54533651681595,1.5431582,-3.8487372,0.6398043
54533661608928,1.3492801,-3.902533,0.47681886
54533671536353,1.2139915,-3.7768319,0.33939976
54533681463778,1.0872251,-3.3651073,0.27495125
54533691391203,0.974307,-2.8346055,0.2328733
54533701318628,0.92850065,-2.2290027,0.25843966
54533711246053,1.0004059,-1.8071581,0.35271555
54533721173478,1.1820335,-1.6883811,0.4443283
54533731100903,1.3647264,-1.8785309,0.53594106
54533741028328,1.4930907,-2.2087626,0.5226252
54533750955739,1.4989498,-2.260428,0.41609877
54533760881738,1.3993475,-1.9200761,0.3005176
54533770809163,1.3018758,-1.3842481,0.14498898
54533780736588,1.2768421,-0.8750517,-0.12825134
54533790663885,1.3130611,-0.53416705,-0.31360736
54533800591310,1.4238486,-0.37704054,-0.3322495
54533810518735,1.5415603,-0.5826366,-0.2614094
54533820446160,1.6550109,-0.9970245,-0.13144715
54533830373585,1.7082742,-1.313408,-0.034508087
54533840300882,1.6635331,-1.4902419,-0.03344282
54533850182909,1.5154613,-1.4385766,-0.1357082
54533860109822,1.3093327,-1.045494,-0.28324732
54533870036863,1.1532714,-0.34561524,-0.35888112
54533879963776,1.1644567,0.197137,-0.39616537
54533889890817,1.282701,0.4927479,-0.38444746
54533899817717,1.4206529,0.62164485,-0.30508524
54533909744758,1.5127982,0.59714377,-0.21400514
54533919671671,1.5096024,0.43042994,-0.14742611
54533929598584,1.3615307,0.16784222,-0.1074787
54533939525625,1.0824313,-0.011654833,-0.08191235
54533949452538,0.7735047,-0.043612767,-0.04995442
54533959379579,0.5034601,-0.026035905,-0.017996486
54533969315440,0.3383441,0.028825216,-0.049421787
54533979242353,0.29839668,0.22270334,-0.090967104
54533989169394,0.34473568,0.5619901,-0.11866398
54533999096435,0.43368527,0.706866,-0.17885141
54534009023348,0.52742857,0.74042183,-0.21293987
54534018950389,0.5913444,0.81818616,-0.2592789
54534028877430,0.5822897,0.84748095,-0.2859105
54534038804343,0.4938727,0.8783736,-0.27472523
54534048731369,0.3463336,0.76332504,-0.21293987
54534058669778,0.16523863,0.5145858,-0.058476537
54534068596947,0.06350588,0.2860866,0.042190954
54534078523988,0.045396388,0.20352858,-0.04675863
54534088451029,0.02462373,0.3739709,-0.19110195
54534098378198,-0.02757423,0.6248407,-0.26886627
54534108305239,-0.103208005,0.69408286,-0.3088137
54534118232408,-0.13995963,0.53216267,-0.31467262
54534128159449,-0.14528595,0.32550138,-0.2960305
54534138086490,-0.14155753,0.26318341,-0.33331475
54534148025989,-0.14315543,0.25732446,-0.3737948
54534157953286,-0.11492591,0.20246331,-0.30561787
54534167880455,0.02728689,0.10552425,-0.1820472
54534177807612,0.27442822,0.021368364,-0.113870285
54534187734909,0.44966424,0.07409895,-0.069129184
54534197662078,0.4656432,0.26105288,-0.058476537
54534207589244,0.39054206,0.47623628,-0.05368285
54534217516540,0.32875672,0.5209774,-0.041432306
54534227443709,0.3170388,0.45706153,-0.05208495
54534237370876,0.35858414,0.32390347,-0.09149974
54534247298045,0.37030202,0.09167582,-0.16340508
54534257241189,0.38894415,-0.0936802,-0.2624747
54534267168486,0.44327265,-0.020176949,-0.38711062
54534277095909,0.4672411,0.23601915,-0.5069529
54534287023334,0.4443379,0.5529353,-0.55488974
54534296950629,0.42036945,0.70952916,-0.582054
54534306878054,0.41557577,0.7153881,-0.58897823
54534316805477,0.42036945,0.8096641,-0.6331867
54534326732774,0.4240979,0.96412736,-0.833989
54534336660197,0.44060948,1.0642623,-1.0928483
54534346587622,0.49174216,1.0738497,-1.3176191
54534356523408,0.5263633,1.0147275,-1.4007097
54534366450961,0.51358014,1.1164602,-1.391655
54534376378384,0.40652102,1.3476226,-1.4635603
54534386305937,0.23021977,1.6059493,-1.5280088
54534396233360,0.044331122,1.975596,-1.58287
54534406160913,-0.040890034,2.2259333,-1.6601017
54534416088464,0.12103016,2.23339,-1.7202891
54534426015889,0.52050436,2.239249,-1.8257502
54534435943440,0.9290333,2.294643,-1.8672956
54534445870865,1.1245093,2.5146198,-1.8230871
54534455800641,1.0861598,2.7670877,-1.8406639
54534465728194,0.88748795,3.014229,-1.9104388
54534475655745,0.64194447,3.2347386,-2.0547822
54534485583298,0.4656432,3.2666967,-2.1575801
54534495510849,0.41131473,3.206509,-2.124557
54534505438274,0.43208736,3.0696228,-2.0020516
54534515365825,0.4491316,2.8906584,-1.8561103
54534525293378,0.4294242,2.870951,-1.7778133
54534535220929,0.41397786,2.9130287,-1.7394638
54534545148482,0.43528315,2.9572372,-1.6968533
54534555075119,0.51358014,2.8602982,-1.5887289
54534565002672,0.5727023,2.6110263,-1.3810023
54534574930223,0.5524623,2.2424448,-1.1849937
54534584857776,0.40066206,1.965476,-1.1024357
54534594785199,0.17109759,1.8733306,-1.1173494
54534604712752,0.03474374,1.85096,-1.0859241
54534614640303,0.06350588,1.7907726,-0.92666703
54534624567728,0.21850187,1.5750566,-0.7322563
54534634495279,0.4230326,1.2639993,-0.566075
54534644422832,0.5711044,0.95294213,-0.44410226
54534654350383,0.6190413,0.7398892,-0.3935022
54534664277808,0.5961381,0.79475033,-0.4217317
54534674210322,0.5625823,1.0397612,-0.54157394
54534684137875,0.5418096,1.3795805,-0.74663734
54534694065426,0.54500544,1.8253937,-1.0076271
54534703992979,0.5940076,2.315948,-1.2457137
54534713920658,0.56790864,2.7468476,-1.3687518
54534723848211,0.48854637,2.8943868,-1.3085644
54534733775762,0.4059884,2.6483107,-1.1104252
54534743703315,0.35272518,2.130592,-0.8228038
54534753630994,0.32289776,1.6384398,-0.6017614
54534763558547,0.24087241,1.4062121,-0.49630022
54534773490299,0.14446598,1.4743891,-0.4909739
54534783417852,0.17855445,1.7012904,-0.5564877
54534793345533,0.38681364,1.9249959,-0.6331867
54534803273083,0.7015993,2.0879815,-0.68165624
54534813200764,0.9966776,2.1950407,-0.69710255
54534823128317,1.1846968,2.214748,-0.7242668
54534833055995,1.2534063,2.123668,-0.76101846
54534842983548,1.3231812,1.9665413,-0.81481427
54534852911229,1.3860317,1.8067516,-0.9218734
54534862844444,1.4371644,1.764141,-1.071543
54534872772125,1.5053413,1.9004948,-1.2723454
54534882699806,1.5649961,2.092775,-1.5253457
54534892627484,1.5633982,2.3516345,-1.7549102
54534902555165,1.473916,2.5977106,-1.9514514
54534912482846,1.4659265,2.3511019,-2.13734
54534922410524,1.7221227,2.349504,-2.1543844
54534932338205,1.8179965,2.941791,-1.9775505
54534942266014,1.6134657,3.1058416,-1.7852702
54534952188677,1.350878,3.1479197,-1.6830049
54534962116358,1.1607283,3.2475219,-1.8049777
54534972044039,1.0600607,3.2182271,-2.0334768
54534981971717,1.0904208,2.8565698,-2.2060497
54534991899398,1.1692504,2.482662,-2.3296204
54535001827079,1.2150568,2.2152805,-2.321631
54535011754757,1.2933537,1.9644107,-2.2598455
54535021682438,1.2512758,1.7811853,-2.0989907
54535031610119,0.9625891,1.9271264,-1.7122996
54535041537797,0.47203478,1.2996857,-1.3650234
54535051465478,-0.048346885,0.7739777,-1.0283998
54535061393031,-0.35034937,0.09753477,-0.8265322
54535071311030,-0.5335748,-0.7344368,-0.8318585
54535081238583,-0.8014888,-1.7656127,-0.93199337
54535091166136,-1.1540914,-2.771755,-1.063021
54535101093814,-1.5695446,-3.5850844,-1.1562315
54535111021367,-1.9775409,-3.8098552,-1.0582272
54535120949048,-2.2459877,-3.5770948,-0.81694484
54535130876598,-2.334937,-3.0093088,-0.50642025
54535140804151,-2.239596,-2.115552,-0.1223924
54535150731832,-1.9040376,-1.4114124,0.29359338
54535160659876,-1.3564916,-1.1221931,0.59133476
54535170587557,-0.69656026,-1.1355089,0.6419349
54535180515238,0.0704301,-1.3080817,0.5716274
54535190442916,0.8070605,-1.7981033,0.4576441
54535200370469,1.1990778,-2.9129026,-0.010007003
54535210298150,1.1996105,-4.420252,-0.74290895
54535220225828,1.0579302,-5.9196115,-1.3453159
54535230153509,0.91198903,-7.3742304,-1.8406639
54535240081190,0.7724394,-9.040836,-2.2252245
54535250008868,0.7101214,-10.643526,-2.3653066
54535259936549,0.7623194,-12.02837,-2.2582476
54535269864102,0.64407504,-11.30985,-2.2609107
54535279788063,0.041135326,-7.4871483,-2.4515932
54535289715744,-0.117056444,-5.04716,-1.7405291
54535299643425,-0.28323773,-2.9230225,-0.67313415
54535309571103,-0.5575433,-0.52511233,6.4564135E-4
54535319498656,-0.6864403,1.1271129,0.34898713
54535329426337,-0.7413014,1.9809223,0.4278167
54535339354015,-0.81001097,1.5979598,0.3681619
54535349281696,-0.85634995,-0.065983325,0.2776144
54535359209377,-0.66939604,-1.5163409,0.033136208
54535369134035,-0.19588602,-2.3435187,-0.21666831
54535379061716,0.3319525,-2.933675,-0.36420742
54535388989397,0.6994688,-3.5051894,-0.44996122
54535398917075,0.80865836,-4.1294346,-0.50375706
54535408844756,0.76338464,-4.298812,-0.5122792
54535418772437,0.63502026,-4.0490074,-0.4808539
54535428700115,0.4129126,-3.3651073,-0.4643423
54535438627796,0.15778178,-2.5613651,-0.47552755
54535448555349,-0.07551113,-1.9333919,-0.48191914
54535458463338,-0.17564599,-1.3197997,-0.48404968
54535468390507,-0.016388953,-0.64761776,-0.5026918
54535478317804,0.040070064,-0.7988853,-0.6049572
54535488244970,0.11517121,-1.5136777,-0.76314896
54535498172267,0.31171247,-1.9616214,-0.8893828
54535508099564,0.5146454,-2.1480427,-0.9042965
54535518026730,0.59933394,-2.1224763,-0.7796606
54535527954027,0.55672336,-1.8396486,-0.5836519
54535537881196,0.38361785,-1.5600168,-0.4297212
54535547808490,0.17855445,-1.2809174,-0.35568532
54535557735787,0.048059545,-0.8537464,-0.33970633
54535567662956,-0.070184804,-0.63589984,-0.350359
54535577583371,-0.19588602,-0.8420285,-0.4132096
54535587510540,-0.23263764,-1.1248562,-0.54423714
54535597437709,-0.14475332,-1.2063489,-0.69497204
54535607364875,-0.030237392,-1.1461616,-0.7983027
54535617292044,0.06084272,-1.0300477,-0.8387827
54535627219213,0.15352073,-0.8473548,-0.84038067
54535637146379,0.27602613,-0.6518788,-0.829728
54535647073548,0.40652102,-0.45533746,-0.813749
54535657000717,0.49227482,-0.3104615,-0.8020311
54535666928908,0.4970685,-0.23003405,-0.7951069
54535676856077,0.43048948,-0.17836873,-0.76474684
54535686783246,0.34260514,-0.12936656,-0.69976574
54535696710412,0.26537347,-0.08675598,-0.62999094
54535706637581,0.17748918,-0.10912654,-0.5900435
54535716564750,0.042733226,-0.29341727,-0.60442454
54535726491916,-0.094153255,-0.61139876,-0.6603509
54535736419085,-0.14581859,-0.9235212,-0.72906053
54535746346254,-0.056869,-1.16001,-0.7956395
54535756276644,0.14393334,-1.3150059,-0.83079326
54535766203813,0.36444306,-1.3986292,-0.8100206
54535776130982,0.5444728,-1.4114124,-0.7524963
54535786058148,0.67603296,-1.3336481,-0.69337416
54535795985317,0.7511341,-1.1722605,-0.6465025
54535805912614,0.7495362,-0.9815781,-0.60762036
54535815839780,0.6589887,-0.83403903,-0.59590244
54535825766949,0.4906769,-0.74029577,-0.62786037
54535835694118,0.29307035,-0.63323665,-0.684852
54535845623517,0.09652908,-0.54748285,-0.7455721
54535855550686,-0.08776167,-0.52564496,-0.819608
54535865477983,-0.23743133,-0.51872075,-0.91175336
54535875407398,-0.33330515,-0.47344697,-1.010823
54535885334567,-0.39136204,-0.38343212,-1.0960441
54535895261864,-0.42758104,-0.27317724,-1.1588947
54535905189030,-0.4132,-0.16079186,-1.2020379
54535915116327,-0.33223987,-0.062254895,-1.2329305
54535925043496,-0.21719131,-0.012187466,-1.282998
54535934970790,-0.12504593,-0.06278753,-1.3895245
54535944897959,-0.09255536,-0.19594559,-1.5487815
54535954825256,-0.12930699,-0.38556266,-1.721887
54535964754756,-0.14635122,-0.54801553,-1.8310766
54535974682053,-0.06379322,-0.6257798,-1.8103039
54535984609350,0.11357331,-0.6417588,-1.6718196
54535994536516,0.35751885,-0.6305735,-1.4486467
54536004463813,0.6105192,-0.5927566,-1.212158
54536014391110,0.7846899,-0.46812063,-1.0188124
54536024318276,0.84061635,-0.22577299,-0.86008805
54536034245573,0.8326268,0.14866747,-0.71308154
54536044172870,0.84913844,0.6567986,-0.5932393
54536054103694,0.7506015,0.7723798,-0.55595505
54536064030991,0.5556581,0.58808905,-0.6672752
54536073958288,0.31117985,0.4117878,-0.86434907
54536083885582,0.09067012,0.41924465,-1.036922
54536093812879,-0.12877436,0.42723414,-1.0960441
54536103740048,-0.2960209,0.37503618,-1.0305303
54536113667342,-0.38816625,0.3121856,-0.9101555
54536123594639,-0.45687583,0.20086542,-0.7908459
54536133521936,-0.5085411,-0.025503272,-0.71148366
54536143449230,-0.3705894,-0.39728054,-0.70668995
54536153376527,0.019297406,-0.59541976,-0.7551595
54536163303824,0.4059884,-0.535765,-0.76314896
54536173234771,0.51571065,-0.6880978,-0.73651737
54536183162196,0.40865156,-0.8766496,-0.7253321
54536193089493,0.237144,-0.83830005,-0.73598474
54536203016787,0.059244823,-0.74722,-0.72852784
54536212944084,-0.08935957,-0.6731841,-0.6965699
54536222871381,-0.2038755,-0.54854816,-0.6651446
54536232798675,-0.3162609,-0.38343212,-0.64330673
54536242725972,-0.42545053,-0.25400248,-0.60282665
54536252653269,-0.4728548,-0.22524036,-0.5522266
54536262588658,-0.43290737,-0.26039407,-0.5186708
54536272516083,-0.34715357,-0.30992886,-0.4925718
54536282443508,-0.24435554,-0.43349954,-0.46167913
54536292370930,-0.12078487,-0.63589984,-0.46594018
54536302298227,0.008112129,-0.7647968,-0.515475
54536312225652,0.08161537,-0.79835266,-0.5612813
54536322153074,0.09812698,-0.7653295,-0.57619506
54536332080499,0.09759434,-0.6641293,-0.56021607
54536342007924,0.0853438,-0.54055864,-0.5181382
54536351935346,0.059777457,-0.42497742,-0.4494286
54536361862643,0.040602695,-0.3152552,-0.36793587
54536371790068,0.04646165,-0.23429511,-0.2944326
54536381725447,0.0704301,-0.21778351,-0.2624747
54536391653000,0.0869417,-0.24281722,-0.28324732
54536401580425,0.09333329,-0.22630562,-0.32532528
54536411507975,0.09173539,-0.16079186,-0.35248953
54536421435528,0.08427854,-0.114452854,-0.35568532
54536431362953,0.09439855,-0.07237491,-0.33970633
54536441290503,0.12475859,0.02243363,-0.30295473
54536451218056,0.17482601,0.14280851,-0.24170202
54536461145481,0.2291545,0.27330342,-0.15914401
54536471079449,0.2706998,0.39793935,-0.07871656
54536481007002,0.29413563,0.4464089,-0.010007003
54536490934683,0.30105984,0.41604885,0.042723585
54536500862233,0.30052722,0.3718404,0.06083308
54536510789914,0.2904072,0.3191098,0.047517277
54536520717595,0.2738956,0.19980016,-0.0030827841
54536530645145,0.25365558,0.018172571,-0.092565
54536540572826,0.23767662,-0.15919396,-0.19909143
54536550500379,0.22223029,-0.2689162,-0.2864431
54536560431665,0.20252289,-0.31152678,-0.3423695
54536570359346,0.18547866,-0.3221794,-0.370599
54536580287027,0.17695655,-0.31365728,-0.37432745
54536590214705,0.1679018,-0.2790362,-0.35941374
54536600142386,0.15085757,-0.2241751,-0.31680316
54536610070067,0.13115017,-0.18529294,-0.2592789
54536619997617,0.11623647,-0.14108446,-0.2182662
54536629925298,0.105583824,-0.062254895,-0.19003668
54536639852979,0.10824699,0.03468417,-0.15861139
54536649780657,0.13115017,0.13801482,-0.13517557
54536659708338,0.1764239,0.25040022,-0.12505557
54536669636019,0.22649135,0.3899499,-0.14103453
54536679558795,0.2557861,0.51139,-0.1820472
54536689486348,0.24779664,0.5598595,-0.22732094
54536699414029,0.21530607,0.5119226,-0.2864431
54536709341579,0.18654393,0.37450355,-0.35142425
54536719269260,0.18175024,0.1689075,-0.3998938
54536729196813,0.21051237,-0.06917912,-0.42546013
54536739124491,0.26803663,-0.27477515,-0.4281233
54536749052044,0.34047464,-0.45160905,-0.41054642
54536758979725,0.43315265,-0.5858324,-0.38817587
54536768916657,0.52742857,-0.62897563,-0.38125166
54536778844338,0.58814865,-0.5693208,-0.40628538
54536788772147,0.61478025,-0.4462827,-0.45368963
54536798699825,0.59986657,-0.3051352,-0.51334447
54536808627506,0.52742857,-0.17890136,-0.58951086
54536818555187,0.42196736,-0.08302756,-0.6741994
54536828482993,0.32396302,0.013911514,-0.7482353
54536838410674,0.24033979,0.117242165,-0.7977701
54536848338355,0.1694997,0.19340856,-0.8233364
54536858262259,0.11091015,0.21897492,-0.8520985
54536868189940,0.054983765,0.19607173,-0.8931112
54536878117621,-0.0036057797,0.17796223,-0.9421134
54536888045299,-0.10267537,0.017107306,-0.99271345
54536897972980,-0.2006797,-0.35253945,-1.0406504
54536907900661,-0.2235829,-0.5416239,-1.0939136
54536917828339,-0.20121233,-0.5783755,-1.1008378
54536927756020,-0.16126491,-0.6902283,-1.0662167
54536937683701,-0.07977219,-0.7791779,-1.0582272
54536947611379,0.02515636,-0.7877,-1.0923157
54536957539060,0.1034533,-0.7647968,-1.135459
54536967466741,0.13221544,-0.69395673,-1.1615579
