UPTIMENANO,Ax,Ay,Az
351796676957340,-0.15278392,-0.070010185,-1.1777799
351796696957340,-0.4704163,-0.09424622,-0.377969
351796716957341,-0.58766043,-0.212838,0.2183027
351796736957340,-0.7788655,-0.24169576,0.05701192
351796756957340,-0.64115256,-0.4577444,0.02597188
351796776957341,-0.3156539,-0.37257007,0.25915605
351796796957340,-0.0012899396,-0.33637732,0.27826613
351796816957340,-0.15807262,-1.0009242,-0.11489108
351796836957341,0.057484664,-2.5076027,-0.15014447
351796856957340,-0.21516107,-1.0969934,-0.5304001
351796876957340,0.077528924,0.69303805,-0.9031595
351796896957341,-0.2121386,0.4814869,-0.1730754
351796916957340,-0.6861717,-0.86845833,1.0544616
351796936957340,-0.72905636,-1.3632181,1.0747267
351796956957341,-0.13170166,-0.44040734,-0.13390951
351796976957340,0.7963441,0.31234196,-0.37000898
351796996957340,1.2357125,0.02643789,-0.011517628
351797016957341,-1.4140649,-0.09071332,0.064855754
351797036957340,-0.9482028,-0.95104855,0.017220171
351797056957340,-0.49212888,-1.2523615,-0.10973518
351797076957340,-0.30330828,-0.23385666,-0.4924124
351797096957340,0.65548486,0.84482086,-1.2426108
351797116957340,0.17092238,0.1786404,-0.7297751
351797136957340,-0.512784,-0.7810871,0.046004027
351797156957340,-0.6663542,-1.1183914,0.2641765
351797176957340,0.6460144,0.31773034,0.20788547
351797196957340,0.10959364,0.71402156,0.100438535
351797216957340,-1.0047772,0.17425692,0.46032575
351797236957340,-0.048728872,-0.39590442,0.9611973
351797256957340,-0.14962551,-0.74198467,1.1426356
351797276957340,-0.72085536,-0.33313265,0.3293543
351797296957340,-0.6279476,-0.4357708,0.7397375
351797316957340,-1.0044596,-2.366614,1.3892738
351797336957340,-1.8139236,-2.703697,1.2536019
351797356957340,-1.217281,-1.5187653,0.09997931
351797376957340,1.1198509,0.023495514,-0.7076749
351797396957340,2.5473838,-1.341401,1.3036596
351797416957340,0.8016755,1.1194835,0.9150836
351797436957340,0.10265787,1.3234031,-2.9562118
351797456957340,1.6540474,1.9536102,-4.0450363
351797476957340,1.2682128,2.492174,-4.6182675
351797496957340,4.1862636,0.67457664,-4.316855
351797516957340,4.3770356,-1.1161187,-2.9828517
351797536957340,0.8737915,-2.1433866,-0.7248967
351797556957340,-1.212869,-0.5840988,-1.0855557
351797576957340,1.2896765,1.1412982,-4.7719865
351797596957340,3.4973075,0.42190638,-7.3775444
351797616957340,4.1345534,-2.9694126,-8.357149
351797636957340,4.1209164,-5.973521,-6.7009344
351797656957340,3.131254,-5.864012,-2.1395872
351797676957340,1.0802721,-3.768446,4.816474
351797696957340,-0.57343876,-1.9962614,10.041463
351797716957340,0.87548876,-2.6673012,8.944872
351797736957340,4.076404,-4.541617,4.9586797
351797756957340,6.036535,-3.832344,4.368957
351797776957340,1.5105182,-3.4445229,2.9568434
351797796959333,-9.497707,-3.8122158,-7.985922
351797816959333,-5.911279,-0.11879041,-9.457852
351797836959333,5.8720417,2.4136813,6.5748982
351797856959333,5.5891314,-1.3095891,4.8939085
351797876959333,-0.11576551,0.4642292,2.2802174
351797896959333,0.40088314,1.1454347,-0.9470837
351797916959333,2.1353765,-1.6845543,-3.6694808
351797936959333,-0.5517904,-0.20082982,-4.826489
351797956959333,-1.5102347,1.5153656,-5.252332
351797976959333,0.89701,0.85532707,-4.7625256
351797996959333,5.249615,-1.5738232,-2.4041457
351798016959333,4.6412325,-2.8083684,0.5009634
351798036959333,0.6512679,-2.5244184,1.6312257
351798056959333,-0.5854066,-1.2159133,3.0070508
351798076959333,0.5907842,-0.805122,4.0023694
351798096959333,0.0032326397,-1.726539,3.817091
351798116959334,1.2753694,-4.41304,4.774978
351798136959333,3.459122,-7.2010326,6.1657934
351798156959333,2.9110425,-8.519008,5.704373
351798176959334,2.857462,-9.383292,4.681989
351798196959333,0.56218153,-8.950638,3.9705057
351798216959333,-5.617675,-5.9877024,0.5337322
351798236959334,-7.328225,-2.3875568,-3.039254
351798256959333,-6.0909643,-1.204277,-3.3085186
351798276959333,-4.2741337,-1.1802573,-2.4549074
351798296959334,-1.5833153,-2.9105895,-2.2173662
351798316959333,-0.4006267,-3.628734,-0.7665172
351798336959333,-2.5058687,-3.4622629,0.5952971
351798356959334,-1.9417697,-4.499592,2.2401822
351798376959333,4.626895,-4.6766405,2.9891255
351798396959333,6.5416045,-2.372248,2.387896
351798416959334,2.162039,1.1086742,1.0144104
351798436959333,-0.76017183,2.0983508,-2.4271364
351798456959333,1.9703414,1.0965831,-1.5596293
351798476959334,5.406538,2.0680115,2.688205
351798496959333,4.6254826,3.511851,4.1446896
351798516959333,3.4543355,2.117912,2.0936239
351798536959334,1.7494426,1.229284,-0.1171463
351798556959333,1.2098839,0.97761524,1.7698276
351798576959333,0.772769,-1.585282,3.7537937
351798596959334,0.17900077,-1.2785735,1.9459977
351798616959333,0.55221695,2.0698082,0.34812155
351798636959333,1.4497575,3.1161294,-3.1986847
351798656959334,2.5777674,1.0186511,-7.25283
351798676959333,1.2516246,-0.44432443,-6.926331
351798696959333,-1.3861599,-0.25712514,-4.7164607
351798716959334,-2.5559928,0.68012774,-3.4611464
351798736959333,-0.7824836,-0.058668442,-2.494444
351798756959333,0.91547483,-1.4452455,-0.092556514
351798776959334,-0.80348253,-3.1103008,2.2870367
351798796959333,-1.3541625,-2.932298,1.4539486
351798816959333,1.2634568,-2.213162,1.1821343
351798836959334,1.3073249,-0.8134393,-0.050593212
351798856959333,0.29456326,0.44978663,-1.1472138
351798876959333,0.2523426,0.8776887,-0.87856895
351798896959334,0.7813185,1.4544299,-2.1666167
351798916959333,1.9347432,2.0760374,-0.7287415
351798936959333,0.7067247,2.5850272,0.018834904
351798956959334,0.053296722,2.703373,1.28632
351798976959333,0.85658056,1.163026,3.8840818
351798996959333,0.09029616,-1.2173475,-0.6278073
351799016959334,1.4252807,1.8999072,-0.67507744
351799036959333,0.59344256,0.18072543,-0.276139
351799056959333,-0.05009844,-0.42832357,0.569768
351799076959334,1.0240388,0.60443294,0.6277208
351799096959333,1.2319213,0.37241408,-0.11728777
351799116959333,0.94863856,0.119333245,4.419053
351799136959334,0.05851542,-2.783757,5.2684975
351799156959333,-1.0598452,-3.26596,1.9068742
351799176959333,-0.79602563,-1.6908381,1.4192083
351799196959334,-0.052743923,-1.3720455,2.9242032
351799216959333,-0.07187971,-1.3483388,2.9310975
351799236959333,-0.143175,-1.7039633,2.28746
351799256959334,1.4448146,-1.0910456,1.0690572
351799276959333,0.8590454,3.201415,0.5354361
351799296959333,-1.6515576,1.4140744,0.97960055
351799316959334,0.6561081,-0.16513866,-2.9317238
351799336959333,0.62766814,0.6064997,-5.143499
351799356959333,0.53684103,0.51656616,-1.199639
351799376959334,-0.58808076,-0.6719647,1.3274297
351799396959333,-1.5100554,-1.314612,1.1242334
351799416959333,-1.5851815,-0.77412105,-0.2711353
351799436959333,-1.243131,-0.26913384,-2.6850648
351799456959334,-0.9420858,-0.73181903,-3.3570514
351799476959333,-0.5735493,-1.9112821,-0.8264341
351799496959333,1.2491262,-2.5652764,2.4223416
351799516959334,6.013171,-0.47447732,3.0220187
351799536959333,3.4575946,-0.7082094,2.2767167
351799556959333,-0.2157701,-2.1077285,-0.1871881
351799576959334,0.23259053,-2.3359506,-1.0967959
351799596959333,1.2969909,-1.9053252,-0.5298931
351799616959333,1.4348451,-1.4620956,-0.054525223
351799636959334,1.4551382,-0.012922332,0.5713481
351799656959333,1.0871149,4.3912253,2.0869608
351799676959333,-0.33929032,9.022625,3.7304857
351799696959334,-1.52633,4.921801,1.1358993
351799716959333,-1.9461781,0.5897287,-1.1326122
351799736959333,-0.7827514,1.3797107,0.09737867
351799756959334,0.17248443,0.25129148,0.56916773
351799776959333,0.74944603,-1.0324305,0.61851156
351799796961923,0.91082966,-1.713373,0.604693
351799816961923,0.4377304,-1.7797279,0.4082023
351799836961923,-0.033800513,-1.0773245,0.48178574
351799856961923,-0.09593785,-0.36189544,0.37422466
351799876961923,0.069354504,-0.041244015,0.3766145
351799896961923,0.17248914,0.046489544,0.64796567
351799916961923,0.11712743,-0.04983159,0.6460041
351799936961923,0.062097847,-0.1919112,0.44382155
351799956961923,0.21980996,-0.37274712,0.46872947
351799976961923,0.17521729,-0.20434405,0.51678056
351799996961923,-0.03683004,-0.072439544,0.42520294
351800016961923,0.025190566,-0.12374535,0.52898234
351800036961923,0.3413049,-0.20772323,0.66275346
351800056961923,0.37624416,-0.0548863,0.6963882
351800076961923,0.29268348,0.11515464,0.7018185
351800096961923,0.20727055,0.1626644,0.6104361
351800116961923,-0.062392283,-0.07634492,0.38179737
351800136961923,-0.15818655,-0.1707096,0.5292984
351800156961923,0.09220746,-0.23364298,0.59958255
351800176961923,0.3526292,-0.14510596,0.56677526
351800196961923,0.3305608,0.014602803,0.548362
351800216961923,0.3740054,0.09330262,0.5771777
351800236961923,0.3741638,0.019871248,0.5869225
351800256961923,0.3317207,-0.11765357,0.602238
351800276961923,0.24573788,-0.132166,0.63786435
351800296961924,0.17208269,-0.009777779,0.62414104
351800316961925,0.20363557,0.076754786,0.58070666
351800336961926,0.24823664,0.027496094,0.56859356
351800356961923,0.27081123,-0.016746711,0.5498417
351800376961923,0.32096243,0.037532147,0.5208152
351800396961923,0.34001216,-0.058118083,0.57964665
351800416961923,0.2978546,0.08331439,0.6027839
351800436961923,0.1581341,-0.016278638,0.5857301
351800456961923,0.16746655,-0.19311593,0.5710061
351800476961923,0.25471136,-0.24503978,0.58412653
351800496961923,0.23837636,-0.18242615,0.5390334
351800516961923,0.22818257,-0.13405806,0.5266962
351800536961924,0.23042315,-0.13597462,0.54200745
351800556961925,0.20751968,-0.21316609,0.5674446
351800576961926,0.20249462,-0.29400682,0.5773049
351800596961927,0.18003921,-0.29554048,0.58959335
351800616961928,0.16815552,-0.23597383,0.60255414
351800636961929,0.20100026,-0.19625796,0.5926589
351800656961930,0.2048768,-0.16756484,0.58458555
351800676961931,0.20247044,-0.16909462,0.5642022
351800696961932,0.24602541,-0.1749791,0.57878125
351800716961933,0.23308335,-0.117815636,0.60553813
351800736961923,0.19321844,-0.020992838,0.62774813
351800756961923,0.2077384,-0.0077830018,0.6449104
351800776961923,0.23780422,-0.036687486,0.6221094
351800796961923,0.24939817,-0.06407018,0.5737166
351800816961923,0.255531,-0.067037895,0.5736337
351800836961923,0.25334814,-0.06467558,0.5913374
351800856961924,0.22739792,-0.061941665,0.6111823
351800876961923,0.19558969,-0.042837583,0.6306947
351800896961923,0.20072971,-0.04984479,0.62941206
351800916961924,0.23606098,-0.07364576,0.5932358
351800936961925,0.25551942,-0.08865982,0.5630806
351800956961926,0.21406707,-0.0534762,0.55342525
351800976961927,0.21587431,-0.040894166,0.5930745
351800996961923,0.29103196,-0.10923279,0.6338397
351801016961923,0.28900492,-0.1855126,0.6154609
351801036961924,0.23784316,-0.19938944,0.5538548
351801056961923,0.20276543,-0.19055964,0.5536929
351801076961923,0.1926097,-0.1510565,0.59548676
351801096961924,0.18904363,-0.089926146,0.61225235
351801116961923,0.18449497,-0.051409166,0.60893947
351801136961923,0.19684574,-0.09496504,0.58439016
351801156961924,0.21115506,-0.1281936,0.57706606
351801176961925,0.181827,-0.15359923,0.600792
351801196961926,0.12679483,-0.14790274,0.6177517
351801216961927,0.11373998,-0.119687915,0.6259194
351801236961928,0.1677745,-0.101856776,0.61068565
351801256961929,0.1781681,-0.094469935,0.57013214
351801276961930,0.14795415,-0.10052521,0.56166327
351801296961931,0.15665798,-0.12215623,0.5635119
351801316961932,0.19691029,-0.13719748,0.55810153
351801336961933,0.22559097,-0.14116183,0.56796896
351801356961934,0.20350704,-0.14281125,0.56718326
351801376961935,0.1723593,-0.14741962,0.57761925
351801396961936,0.14979364,-0.15694772,0.61976606
351801416961937,0.13051549,-0.16957481,0.6085488
351801436961923,0.12924579,-0.15858364,0.57403153
351801456961924,0.1559895,-0.15011215,0.5801729
351801476961925,0.18599452,-0.17467508,0.6151539
351801496961926,0.18516019,-0.18889858,0.6362175
351801516961927,0.1745927,-0.17492564,0.60783356
351801536961928,0.18102646,-0.18258734,0.5483811
351801556961929,0.22560813,-0.19769208,0.5560747
351801576961930,0.1853596,-0.20403309,0.59777886
351801596961931,0.13690215,-0.15673207,0.55075085
351801616961932,0.1881314,-0.13418575,0.49156514
351801636961933,0.21388657,-0.15168145,0.51713824
351801656961934,0.19536924,-0.18015075,0.5070534
351801676961935,0.18361898,-0.18144865,0.48283374
351801696961936,0.17748255,-0.13831954,0.45680085
351801716961937,0.18087947,-0.1530776,0.49126437
351801736961923,0.18672171,-0.16426928,0.48830897
351801756961924,0.19689006,-0.1137389,0.43593222
351801776961923,0.208549,-0.08173426,0.3615862
351801796961923,0.18027377,-0.12928371,0.38102323
351801816961924,0.13853237,-0.15953042,0.4178145
351801836959223,0.106604174,-0.13121203,0.38261786
351801856959223,0.120865755,-0.100335896,0.39630657
351801876959224,0.1624398,-0.12741137,0.373718
351801896959223,0.18322219,-0.14281404,0.3521434
351801916959224,0.15799394,-0.10041746,0.31431508
351801936959225,0.13986875,-0.0845835,0.34794092
351801956959226,0.1303066,-0.13550666,0.35300735
351801976959223,0.14356883,-0.15163942,0.3194209
351801996959224,0.14247821,-0.14512958,0.31490508
351802016959223,0.15901832,-0.16766018,0.2893384
351802036959223,0.19589716,-0.19395386,0.262918
351802056959224,0.17548093,-0.20613661,0.21376391
351802076959223,0.088517204,-0.18155222,0.24397609
351802096959223,0.105089724,-0.20238797,0.25420636
351802116959224,0.16078348,-0.22526866,0.19936292
351802136959223,0.16701227,-0.15093,0.19214065
351802156959223,0.16964686,-0.09519199,0.24098442
351802176959224,0.20282096,-0.12063927,0.21237601
351802196959225,0.19111672,-0.1170523,0.18027389
351802216959226,0.18691666,-0.09521926,0.20275107
351802236959227,0.2233071,-0.09253987,0.21687001
351802256959228,0.24366616,-0.07832776,0.17434846
351802276959229,0.23376091,-0.050727904,0.16939451
351802296959230,0.22330755,-0.06129582,0.20592394
351802316959231,0.20406683,-0.08813309,0.24815448
351802336959232,0.18160318,-0.12204839,0.32755265
351802356959233,0.21298805,-0.08224134,0.13052154
351802376959234,0.25528637,-0.025598282,-0.07111062
351802396959235,0.21614464,-0.014909873,-0.081481
351802416959236,0.23280771,-0.05980231,-0.02855613
351802436959237,0.22468269,-0.060151808,-0.09606421
351802456959223,0.17264165,0.022182658,-0.123038076
351802476959224,0.1646914,0.003900877,-0.05465561
351802496959225,0.20555606,-0.11935705,0.039590683
351802516959226,0.18777405,-0.14258005,0.07293533
351802536959227,0.14109871,-0.019188745,0.11325743
351802556959228,0.15568933,0.026528273,0.11801621
351802576959229,0.096816294,-0.046317525,0.15312205
351802596959230,0.12215918,-0.089940645,0.072922796
351802616959231,0.26002756,-0.122015476,0.038942978
351802636959232,0.22237101,-0.10199736,0.032214414
351802656959233,0.21639243,-0.07414413,-0.0015961253
351802676959234,0.20539558,-0.13134901,-0.005501569
351802696959235,0.21873508,-0.10333403,-0.012897563
351802716959236,0.1866981,-0.08514911,-0.05636648
351802736959223,0.1703463,-0.08994938,-0.078941464
351802756959224,0.18504408,-0.10341155,-0.035057157
351802776959223,0.18611695,-0.107130565,-0.023411037
351802796959223,0.19305056,-0.10589809,-0.013469673
351802816959223,0.17075807,-0.08921705,0.0076281335
351802836959223,0.20045575,-0.09610469,-0.006763487
351802856959223,0.20323555,-0.08241523,0.0035337836
351802876959223,0.19343106,-0.071102634,0.01187419
351802896959223,0.19035189,-0.10652364,0.033013087
351802916959224,0.17856896,-0.13801832,0.039286286
351802936959225,0.1808568,-0.117600776,0.040741313
351802956959223,0.20069551,-0.09444351,0.04257569
351802976959223,0.20556986,-0.06260091,0.016099112
351802996959223,0.18803781,-0.07243812,-0.038451962
351803016959223,0.20095868,-0.08690807,-0.09995163
351803036959223,0.21193932,-0.0832262,-0.08775611
351803056959223,0.21576814,-0.04459444,-0.06826361
351803076959223,0.25898004,-0.045543674,-0.09639998
351803096959223,0.22499338,-0.048569735,-0.09281034
351803116959223,0.17683776,-0.04982461,-0.07376066
351803136959223,0.15494159,-0.084087946,-0.035112135
351803156959224,0.15088166,-0.07948809,-0.015172753
351803176959225,0.13883041,-0.07716093,0.032027107
351803196959226,0.17435083,-0.1209737,0.06813481
351803216959227,0.20521523,-0.13458009,0.04647684
351803236959228,0.19211705,-0.08982627,0.014433935
351803256959229,0.1933004,-0.077466786,0.025033794
351803276959230,0.2186515,-0.104388624,0.023688361
351803296959231,0.22700453,-0.093374215,-0.0039976677
351803316959232,0.19404264,-0.04669234,-0.011122419
351803336959233,0.19875267,-0.07065992,-0.0135352425
351803356959234,0.18521173,-0.12756467,-0.013251825
351803376959235,0.15271671,-0.12617803,-0.025512375
351803396959236,0.13976808,-0.08896311,-0.03766753
351803416959237,0.14175256,-0.070571184,-0.0274801
351803436959223,0.18140529,-0.05105713,-0.038139787
351803456959224,0.21466722,-0.04427579,-0.046422705
351803476959225,0.22762832,-0.04503098,-0.029724155
351803496959226,0.21146215,-0.039144937,0.0031951657
351803516959227,0.17890581,-0.02187934,0.044810116
351803536959228,0.16911149,-0.01521767,0.047569826
351803556959229,0.18444017,-0.03827478,0.025549438
351803576959230,0.21216975,-0.051047638,0.008251456
351803596959231,0.22842388,-0.046490233,-0.007012154
351803616959232,0.20806392,-0.036075834,-0.032578938
351803636959233,0.19029976,-0.020112384,-0.053888608
351803656959234,0.1902921,-0.016867055,-0.05470187
351803676959235,0.20851867,-0.039735753,-0.05933741
351803696959236,0.22526143,-0.064181425,-0.07346729
351803716959237,0.20839605,-0.07225086,-0.052972067
351803736959223,0.21312511,-0.06499043,-0.01847137
351803756959223,0.19158378,-0.059798364,-0.020578023
351803776959224,0.15149477,-0.031048095,-0.046868548
351803796959223,0.16808756,-0.03302141,-0.03415547
351803816959223,0.21478672,-0.08802057,0.015627464
351803836959224,0.21347095,-0.118921496,0.030449526
351803856956612,0.16921891,-0.10032614,0.013848558
351803876956612,0.18215007,-0.08887194,0.014557124
351803896956613,0.22535649,-0.110049136,1.9244314E-4
351803916956612,0.2392797,-0.09961628,-0.048938975
351803936956612,0.2233319,-0.06656837,-0.07811559
351803956956613,0.22073945,-0.07134867,-0.053398006
351803976956612,0.21952821,-0.088109635,-0.018427037
351803996956612,0.18642415,-0.07700844,-0.021602595
351804016956613,0.18690768,-0.073045075,-0.022228485
351804036956612,0.1879858,-0.09948297,-0.0030052762
351804056956612,0.16293056,-0.08855716,-0.0013302123
351804076956613,0.14821638,-0.048231807,-0.009056222
351804096956612,0.12912132,-0.025540344,0.0015189187
351804116956612,0.13849287,-0.027056513,0.011567389
351804136956613,0.16321091,-0.029098801,0.014209472
351804156956614,0.18946736,-0.021950359,0.0098096775
351804176956615,0.22080982,-0.028126886,-0.0024109706
351804196956616,0.2001926,-0.053493973,-0.014024576
351804216956617,0.18011443,-0.056779124,-0.0369966
351804236956618,0.1847711,-0.02529198,-0.037715644
351804256956619,0.18524972,-0.01894006,-0.018540027
351804276956620,0.17743427,-0.04699758,-0.0067469934
351804296956621,0.16567913,-0.05023441,-0.02580501
351804316956622,0.15479414,-0.026441118,-0.059778564
351804336956623,0.17531462,-0.017401788,-0.06403107
351804356956624,0.2336934,-0.023634026,-0.058712315
351804376956625,0.21923153,-0.02153068,-0.03377211
351804396956626,0.18813147,-0.02046372,0.0018746499
351804416956612,0.23206344,-0.023339119,0.041768305
351804436956613,0.27339828,-0.0041056406,0.052083116
351804456956612,0.18985942,-0.048780587,0.032526437
351804476956612,0.18373042,-0.09341729,0.027877802
351804496956613,0.25177708,-0.11183877,-0.002031456
351804516956612,0.23119874,-0.09222065,-0.04639622
351804536956612,0.20951854,-0.06948407,-0.08392765
351804556956613,0.18731226,-0.06725885,-0.088489145
351804576956612,0.16409063,-0.080908954,-0.08910361
351804596956612,0.1670152,-0.068841584,-0.09814225
351804616956613,0.17384414,-0.07222643,-0.07873408
351804636956612,0.19950798,-0.070338,-0.028157968
351804656956612,0.21323507,-0.05035344,0.0133512495
351804676956613,0.19590929,-0.040670447,0.041063372
351804696956612,0.18221365,-0.048996214,0.039512035
351804716956613,0.17634606,-0.056079272,0.05690992
351804736956614,0.18730985,-0.04496027,0.06953528
351804756956612,0.18140869,-0.070235014,0.054810785
351804776956612,0.19003464,-0.09928029,0.048987918
351804796956613,0.21273059,-0.077627406,0.0056046555
351804816956612,0.2100151,-0.044621866,-0.04131755
351804836956612,0.1947043,-0.045524094,-0.04422344
351804856956613,0.18583335,-0.076431036,-0.062257517
351804876956612,0.17589542,-0.09551531,-0.06301687
351804896956612,0.16154593,-0.10542378,-0.07860716
351804916956613,0.19363226,-0.09179145,-0.06711496
351804936956612,0.17794439,-0.08563149,-0.03788922
351804956956612,0.14440078,-0.09378753,-0.044255987
351804976956613,0.14014252,-0.15004833,-0.0063136565
351804996956614,0.111382574,-0.1637459,0.08052833
351805016956615,0.119410954,-0.13482085,0.16226058
351805036956612,0.18129636,-0.14061043,0.15704092
351805056956613,0.20577444,-0.11650187,0.035867166
351805076956612,0.2349071,-0.13430737,-0.21318966
351805096956612,0.15012181,-0.11871608,-0.21479706
351805116956613,0.10808103,-0.05981035,-0.10191801
351805136956612,0.17340353,-0.079916716,-0.118336804
351805156956612,0.2262948,-0.08874747,-0.062749
351805176956613,0.19485839,-0.04997706,0.022244021
351805196956614,0.13973252,-0.1529667,0.07838021
351805216956615,0.09258895,-0.19225113,0.11029989
351805236956616,0.045415103,-0.07515958,0.0660816
351805256956617,0.14674786,-0.050619323,-0.0016125839
351805276956612,0.20772694,-0.067641065,0.04428562
351805296956613,0.22252274,-0.12037407,0.009372702
351805316956612,0.21810114,-0.16897166,-0.024367077
351805336956612,0.16364132,-0.11922321,-0.011050717
351805356956612,0.17662542,-0.15316762,-0.060362745
351805376956612,0.15318687,-0.12266342,-0.0381783
351805396956612,0.12942217,-0.011602519,-0.008121578
351805416956612,0.17662747,-0.045520917,-0.043037858
351805436956612,0.15015647,-0.12695283,-0.069478445
351805456956612,0.07315119,-0.10650161,-0.047580346
351805476956613,0.104879946,-0.07257695,-0.026962899
351805496956614,0.14480913,-0.092737146,-0.019453334
351805516956615,0.17333223,-0.091118395,0.009842413
351805536956616,0.15865059,-0.09397614,0.002769662
351805556956617,0.17117119,-0.087280855,0.03355083
351805576956612,0.1330247,-0.09817182,0.064449005
351805596956612,0.07418992,-0.11847247,0.077282764
351805616956612,0.07523652,-0.13757578,0.017181624
351805636956612,0.1141155,-0.13143274,-0.012202918
351805656956612,0.1455233,-0.14805323,-0.060670868
351805676956612,0.13169381,-0.17190842,-0.14200862
351805696956612,0.14426379,-0.14934148,-0.13022836
351805716956612,0.17664917,-0.089738816,-0.10625493
351805736956612,0.21053141,-0.09758989,-0.06590937
351805756956612,0.13447013,-0.05195075,-0.011872081
351805776956612,0.102113694,-0.04228427,0.011450736
351805796956612,0.102157414,-0.07960481,0.04623085
351805816956612,0.08138095,-0.1023605,0.04956336
351805836953977,0.07208588,-0.08601292,0.012545835
351805856953978,0.101084225,-0.10012867,0.004775095
351805876953979,0.10121521,-0.114785634,0.023411456
351805896953980,0.11779517,-0.13050455,0.013394441
351805916953981,0.1478921,-0.13521282,-0.042447302
351805936953982,0.17245093,-0.13700275,-0.07465906
351805956953977,0.15368512,-0.12559289,-0.070448935
351805976953978,0.13241607,-0.126171,-0.065406956
351805996953977,0.12128368,-0.1232908,-0.07343837
351806016953977,0.09977169,-0.11891905,-0.037861075
351806036953977,0.095803164,-0.12473388,0.011600261
351806056953977,0.07864566,-0.14500183,0.03617116
351806076953977,0.057343207,-0.1432065,0.05073401
351806096953977,0.064052366,-0.15418987,0.060412627
351806116953977,0.10347719,-0.17129034,0.055275578
351806136953978,0.12701203,-0.15882581,0.030404711
351806156953979,0.13027,-0.13987528,-0.0059525655
351806176953980,0.123294674,-0.15905955,-0.04681468
351806196953981,0.10100189,-0.17708032,-0.07186671
351806216953982,0.10662644,-0.17331468,-0.07538574
351806236953977,0.14911938,-0.18606669,-0.079786904
351806256953977,0.17375466,-0.18025745,-0.06960899
351806276953977,0.14558804,-0.15274021,-0.053656273
351806296953977,0.112676814,-0.13644505,-0.017636552
351806316953977,0.09184983,-0.15248987,0.009601353
351806336953977,0.08672025,-0.15349124,0.042324506
351806356953977,0.08424904,-0.14896908,0.059482206
351806376953977,0.12272763,-0.16203372,0.049035277
351806396953978,0.1500292,-0.157818,0.014731197
351806416953977,0.14682232,-0.10908894,-0.05009492
351806436953977,0.16726847,-0.12979516,-0.09568057
351806456953978,0.15652853,-0.16064891,-0.08163465
351806476953979,0.10768407,-0.14673756,-0.04151604
351806496953980,0.09983342,-0.11817253,-0.016993154
351806516953981,0.13986392,-0.124502644,-0.02267302
351806536953982,0.15935777,-0.14029504,-0.0075446567
351806556953977,0.14304717,-0.13468532,0.024074238
351806576953978,0.12479408,-0.12855113,0.04742247
351806596953977,0.11032681,-0.12558502,0.044550043
351806616953977,0.101959385,-0.11841993,0.028948735
351806636953978,0.123971514,-0.12239854,0.011836544
351806656953977,0.16364136,-0.1454742,-0.009752768
351806676953977,0.17300907,-0.14761083,-0.05832459
351806696953978,0.14576344,-0.13702285,-0.1035704
351806716953977,0.12260797,-0.12843437,-0.09936177
351806736953977,0.1327283,-0.11974696,-0.09195635
351806756953978,0.14658846,-0.124823056,-0.07452536
351806776953977,0.12104024,-0.12702796,-0.016826369
351806796953977,0.10042232,-0.13112183,0.04196458
351806816953978,0.0916836,-0.15336257,0.064593576
351806836953977,0.07902811,-0.15782884,0.066810764
351806856953977,0.097788125,-0.15246359,0.05115132
351806876953978,0.17316826,-0.16289473,0.026603505
351806896953977,0.1827529,-0.16340822,-0.0022353895
351806916953977,0.107500315,-0.12574011,-0.015425116
351806936953978,0.09595151,-0.13651642,-0.016218465
351806956953977,0.13384786,-0.1710729,-0.020916242
351806976953977,0.1370202,-0.15804183,-0.046877023
351806996953978,0.13530043,-0.15053868,-0.07427691
351807016953977,0.13896662,-0.15303592,-0.055074178
351807036953977,0.14911729,-0.1499784,-0.0203066
351807056953978,0.1482249,-0.12062031,-0.010482935
351807076953977,0.13761763,-0.09607,-5.041771E-4
351807096953977,0.14619115,-0.12136448,0.032701917
351807116953978,0.13485104,-0.15265313,0.037345693
351807136953977,0.11294283,-0.14684089,0.027613316
351807156953977,0.122924864,-0.12949906,0.046318006
351807176953978,0.15108101,-0.1444586,0.030793685
351807196953977,0.16328737,-0.12515736,-0.026643218
351807216953978,0.14276664,-0.098857686,-0.049662165
351807236953979,0.13958958,-0.13097519,-0.048779238
351807256953980,0.14774448,-0.1495792,-0.066184744
351807276953981,0.1856881,-0.07773691,-0.081427276
351807296953982,0.21937422,-0.060447205,-0.0656747
351807316953977,0.21666981,-0.1102595,-0.0477928
351807336953977,0.1350791,-0.1246707,-0.020168632
351807356953978,0.08881963,-0.08432453,0.015483645
351807376953977,0.11562475,-0.069042444,0.025005983
351807396953977,0.13678102,-0.08593884,0.033415854
351807416953978,0.11711391,-0.11704248,0.026058331
351807436953977,0.15632339,-0.10430353,0.018037729
351807456953978,0.1806494,-0.08677705,0.018174075
351807476953979,0.17327815,-0.06350252,0.030596867
351807496953980,0.16032584,-0.080783956,0.031584397
351807516953981,0.14896135,-0.09293586,0.015303067
351807536953982,0.14898077,-0.086837724,-0.014945826
351807556953983,0.17110665,-0.0661901,-0.047699455
351807576953984,0.1590604,-0.06174746,-0.04081342
351807596953985,0.17803776,-0.09025388,-0.053920355
351807616953986,0.18348223,-0.11816398,-0.058042612
351807636953987,0.14203788,-0.10814525,-0.044083677
351807656953988,0.09110991,-0.09308483,-0.0050115213
351807676953989,0.12840348,-0.10615537,3.7020782E-4
351807696953990,0.12887532,-0.09752099,0.041997373
351807716953991,0.11749248,-0.12673035,0.09833177
351807736953977,0.1905771,-0.14331159,0.09667024
351807756953977,0.2296752,-0.107039854,-0.05049118
351807776953977,0.13722466,-0.07748347,-0.097054124
351807796953978,0.04427916,-0.08909347,-0.03357677
351807816953977,0.12523265,-0.12851672,-0.06767869
351807836953977,0.20375016,-0.076120205,-0.06691528
351807856953978,0.19496202,-0.019375969,-0.017755056
351807876953977,0.17150618,-0.1072278,-0.014586256
351807896953977,0.14737521,-0.1376799,-0.025274882
351807916953978,0.06540306,-0.03990742,-0.018010521
351807936953977,0.118272774,-0.044955265,-0.02724034
351807956949895,0.22657526,-0.09363722,-0.032098364
351807976949896,0.21214142,-0.051676366,-0.015291563
351807996949897,0.19058801,-0.07026757,-0.022395568
351808016949898,0.19695477,-0.08715492,-0.023524264
351808036949899,0.12876187,-0.07646579,0.006916615
351808056949900,0.10969975,-0.063546024,0.021274874
351808076949895,0.1763243,-0.05642849,-0.0149115855
351808096949895,0.1557737,-0.050312158,0.0010023682
351808116949895,0.1358929,-0.05937169,0.0019689435
351808136949895,0.155683,-0.08253674,0.0069353217
351808156949895,0.13642061,-0.064775914,-0.007238968
351808176949896,0.19387072,-0.045147914,-0.037919205
351808196949895,0.22438498,-0.028389078,-0.02558217
351808216949895,0.18512495,0.0071613863,-0.032256123
351808236949895,0.13313697,-0.021075428,-0.043169387
351808256949895,0.12635507,-0.06789241,-0.020699188
351808276949895,0.15245917,-0.072104536,-0.00690554
351808296949895,0.19567479,-0.054035995,-0.018199036
351808316949895,0.1790858,-0.048708614,-0.05562219
351808336949895,0.15106608,-0.036648594,-0.07763174
351808356949895,0.13842097,-0.07607306,-0.06564245
351808376949895,0.14617361,-0.09308126,-0.028580546
351808396949895,0.13545176,-0.06059432,-0.026695298
351808416949896,0.16470279,-0.02574366,0.008926703
351808436949895,0.115348026,-0.04414009,0.04039163
351808456949895,0.1297616,-0.08160965,0.019333301
351808476949895,0.15802512,-0.06398044,0.01403313
351808496949895,0.17619263,-0.004288232,0.022420086
351808516949895,0.16618794,0.055550314,0.0012155712
351808536949895,0.12991662,0.07668476,-0.004508444
351808556949895,0.13971852,0.05981469,-0.036947448
351808576949896,0.20029937,0.023292355,-0.059219573
351808596949897,0.19032587,0.026422461,-0.069917455
351808616949898,0.15418261,0.060094338,-0.044095706
351808636949899,0.1557115,0.06772207,-0.014975744
351808656949900,0.13787657,0.027822983,-0.0112966
351808676949901,0.116757855,0.019716587,0.0042344094
351808696949895,0.12837678,0.053864356,0.018294275
351808716949895,0.16386731,0.060236122,0.024517737
351808736949895,0.1543095,0.04321783,0.03860865
351808756949895,0.1517399,0.042274773,0.047454216
351808776949895,0.16596818,0.0579644,0.025649361
351808796949895,0.16972159,0.062870555,0.01011304
351808816949895,0.16686045,0.035625923,0.015179458
351808836949895,0.18071309,0.009963561,-0.002631063
351808856949895,0.1828385,0.009674361,-0.03963242
351808876949895,0.17949393,0.022551084,-0.059438482
351808896949895,0.20398931,0.03589798,-0.07920823
351808916949895,0.20123388,0.034190133,-0.07257369
351808936949895,0.13139938,0.016423041,-0.067640714
351808956949895,0.12510428,-0.008740059,-0.05280505
351808976949895,0.14562882,-0.024215633,-0.005650546
351808996949895,0.16774462,-0.018382195,0.045055576
351809016949895,0.17846458,0.0019999505,0.07552896
351809036949895,0.15233445,0.011045393,0.073148355
351809056949895,0.1393884,-0.007335009,0.052894484
351809076949895,0.15772787,-0.015761387,0.025896678
351809096949895,0.19235383,-0.011295216,-0.007739745
351809116949895,0.1920304,0.016437413,-0.019713122
351809136949895,0.18950398,0.04152206,-0.045516003
351809156949895,0.1886868,0.043289848,-0.06736111
351809176949895,0.15285844,0.02394973,-0.07306421
351809196949896,0.12998495,0.00768165,-0.07675038
351809216949895,0.15316904,0.008173235,-0.08634826
351809236949895,0.15149662,0.017459562,-0.054601952
351809256949896,0.1312053,0.014970063,-0.01939489
351809276949895,0.138359,0.018373732,-0.0025759207
351809296949895,0.14702879,0.021655018,0.019089116
351809316949896,0.15303284,0.0054991487,0.059953757
351809336949897,0.17516844,-0.003359109,0.069478385
351809356949898,0.18685003,-0.0027371664,0.05217874
351809376949899,0.18200864,8.675896E-4,0.037069857
351809396949900,0.18424205,-0.0026634343,0.0028008707
351809416949895,0.18175928,-0.0054958668,-0.019606914
351809436949896,0.18116672,0.014199715,-0.045936514
351809456949895,0.19288446,0.02058864,-0.09335502
351809476949895,0.17310047,0.019375434,-0.10029151
351809496949896,0.14971696,0.01992619,-0.08104195
351809516949895,0.15262152,0.021292143,-0.0468521
351809536949895,0.14794663,0.030506069,-0.024805143
351809556949896,0.15582393,0.0054337643,-0.019308267
351809576949895,0.16492425,-0.03698117,0.005912245
351809596949895,0.13282731,-0.042791013,0.036740646
351809616949896,0.13124152,-0.022586707,0.033506427
351809636949897,0.15798774,-0.026827022,0.035699997
351809656949898,0.13901015,-0.03386336,0.052681427
351809676949899,0.15190655,-0.03681379,0.055453084
351809696949900,0.1781513,-0.022265099,0.04630757
351809716949895,0.17003056,9.2280493E-4,0.010048247
351809736949896,0.15799813,0.018567832,-0.014370977
351809756949895,0.1630283,0.022279862,-0.01728653
351809776949895,0.19229493,0.0064549968,-0.047771633
351809796949896,0.19582379,-0.0043456797,-0.07193495
351809816949895,0.17381151,0.016892709,-0.03457619
351809836949895,0.15859771,0.013221644,-0.032257464
351809856949896,0.15640976,-0.0074322633,-0.04041086
351809876949895,0.1414805,-0.03463899,-0.03320944
351809896949895,0.1632663,-0.04037256,-0.033903837
351809916949896,0.18485038,-0.018436788,-0.0498497
351809936949895,0.17136753,-0.00329106,-0.044340517
351809956949895,0.14981629,-0.021083988,-0.025888223
351809976949896,0.16130958,-0.025470937,-0.02118092
351809996949895,0.1641903,-0.012269602,-0.021410828
351810016949895,0.1502727,-0.0028272665,-0.009025178
351810036949896,0.16010113,-0.009345312,0.016419455
351810056949895,0.16180648,-0.019954134,0.037300814
351810076947679,0.12914227,-0.0284718,0.035787478
351810096947680,0.1333825,-0.034634076,0.056791972
351810116947679,0.1760163,-0.027230706,0.023776315
351810136947679,0.17272733,-0.008768921,-0.018977847
351810156947680,0.13374121,-0.0039135455,-0.035471544
351810176947679,0.13534297,-0.052700564,-0.030965509
351810196947679,0.15367314,-0.09598511,-0.022260973
351810216947680,0.1344241,-0.06228776,-0.019273344
351810236947679,0.15785907,-0.012997819,-0.017457463
351810256947679,0.1453695,-0.027035449,-0.00875298
351810276947680,0.08243569,-0.050663136,-0.017076537
351810296947679,0.11178067,-0.023584327,-0.041286062
351810316947679,0.20317091,-0.009942504,-0.01795826
351810336947680,0.19492738,-0.013882426,-0.022525296
351810356947679,0.15244873,0.008653928,-0.006375119
351810376947679,0.11944859,0.0039878804,-0.005997182
351810396947680,0.14259084,-0.057610724,-4.832526E-4
351810416947681,0.124675654,-0.044045627,0.043232106
351810436947682,0.15317081,0.023007374,0.023388896
351810456947683,0.20109634,0.0069528827,-0.03529087
351810476947684,0.14269345,-0.020357937,-0.023340788
351810496947685,0.10299976,-0.055495635,-0.0066343374
351810516947686,0.15593785,-0.044498015,-0.0427595
351810536947687,0.173575,0.02264811,-0.07138871
351810556947688,0.13055706,0.020350948,-0.033115238
351810576947689,0.13690287,-0.048055444,-0.010625369
351810596947690,0.13717438,-0.076426804,-0.03157755
351810616947691,0.11834444,-0.044263285,-0.0038420563
351810636947692,0.13767363,-0.020064814,0.0069829305
351810656947693,0.19307469,-0.009200317,-0.030112382
351810676947679,0.14115985,-0.002807222,-0.03080559
351810696947680,0.093880884,-0.04566587,-0.032894485
351810716947681,0.11667468,-0.076270394,-0.017920237
351810736947679,0.2008754,-0.04338092,-0.02794977
351810756947679,0.19915368,0.008029789,-0.009641357
351810776947680,0.16613115,0.005801841,-0.024702042
351810796947679,0.12418111,-0.04400048,-0.0014367575
351810816947679,0.08519406,-0.063747615,0.013741127
351810836947680,0.07067316,-0.047927395,0.029658346
351810856947679,0.16183297,-0.04940662,0.032296397
351810876947679,0.16954173,-0.048202354,0.015981844
351810896947679,0.1407584,-0.038795862,0.006728829
351810916947679,0.13253783,-0.043118633,-0.033479016
351810936947679,0.13911328,-0.028299404,-0.040020198
351810956947680,0.14883606,0.005484236,-0.036140367
351810976947681,0.17756519,0.032143164,-0.032095
351810996947682,0.21357822,0.035671387,-0.048348904
351811016947683,0.16427135,-0.010180883,-0.0143095115
351811036947684,0.12456317,-0.05611101,0.0100630205
351811056947679,0.11305448,-0.010679448,-0.0033218225
351811076947679,0.1164237,0.020489369,-0.0030560659
351811096947679,0.11396413,-8.5780644E-5,0.010643188
351811116947679,0.14864537,-0.02064814,-0.020804059
351811136947679,0.16908287,-0.008387291,-0.019031262
351811156947679,0.15430607,-0.002104868,-0.016016997
351811176947679,0.17102793,-0.01390667,-0.023724306
351811196947679,0.16125369,0.011063804,-0.002160373
351811216947680,0.13460402,0.03128062,-0.007482111
351811236947681,0.12835236,0.031393055,-0.026227558
351811256947682,0.14559802,0.014572082,-0.010948798
351811276947683,0.12762854,-0.0063730692,-0.018708715
351811296947684,0.14190353,0.0028270946,-0.033951975
351811316947685,0.14517866,-0.008053424,-0.044149384
351811336947686,0.14875263,2.3578508E-4,-0.042154927
351811356947687,0.17846711,0.04731382,-0.017472737
351811376947688,0.11971643,-0.019428939,-0.014727027
351811396947689,0.06465304,0.0085978005,-0.011161284
351811416947690,0.12796329,0.04820999,-0.0076522743
351811436947691,0.15055543,0.015594259,0.016306685
351811456947692,0.14429437,8.3278416E-4,0.00947521
351811476947693,0.1641085,0.021256315,0.016842408
351811496947679,0.17455904,0.04093816,0.03176346
351811516947680,0.14417616,0.04424605,0.03300658
351811536947681,0.11729824,0.03342724,0.0053257477
351811556947682,0.1580114,-0.005727567,-0.005350357
351811576947683,0.14053948,-0.0074219564,-0.009981245
351811596947684,0.13821635,0.027174916,-0.01142118
351811616947685,0.15242897,0.03584746,-0.020251445
351811636947686,0.15525591,0.012370289,-0.023230605
351811656947687,0.14791587,0.0072416845,-0.02389173
351811676947688,0.16319548,0.025535526,-0.042957857
351811696947689,0.17033191,0.036525104,-0.045105312
351811716947690,0.12887219,0.0076700225,-0.010206362
351811736947679,0.12197086,-0.027640749,0.0063095638
351811756947679,0.15987293,-0.0033614303,0.015172168
351811776947679,0.15403429,0.042337414,0.030324224
351811796947679,0.1414023,0.031704333,0.023577586
351811816947679,0.1494883,0.010757506,0.01725438
351811836947679,0.17820022,0.007753953,0.012392607
351811856947679,0.15142208,0.0047042985,-0.0014394004
351811876947679,0.1453765,0.013209409,-0.019746508
351811896947679,0.20622253,0.022539683,-0.0315757
351811916947679,0.19932632,-0.0046563386,-0.039309017
351811936947680,0.13999622,-0.026774755,-0.050245382
351811956947679,0.11272135,-0.021459829,-0.019757962
351811976947679,0.13002168,-0.021991609,0.0016468754
351811996947680,0.16932368,-0.035243254,-0.03066576
351812016947679,0.17484397,-0.032593504,-0.04037069
351812036947679,0.1364695,-0.045012046,-0.017377956
351812056947680,0.12669526,-0.06363606,-0.027197009
351812076947679,0.14515088,-0.057251375,-0.042548966
351812096947679,0.16509435,-0.04810321,-0.024791438
351812116947680,0.17577824,-0.051194664,0.010594477
351812136947927,0.16058043,-0.05032711,0.018078124
351812156947927,0.12569635,-0.077712834,-9.603313E-4
351812176947928,0.101294436,-0.09442593,0.009214663
351812196947929,0.083741195,-0.0927082,0.021295168
351812216947930,0.094936475,-0.07362668,0.0029117228
351812236947931,0.12455261,-0.06619524,-0.029106082
351812256947932,0.14805157,-0.07840451,-0.04092516
351812276947933,0.1448201,-0.061521787,-0.019977396
351812296947934,0.14850655,-0.020646697,-0.016561229
351812316947935,0.16207892,-0.020985022,-0.0060081636
351812336947936,0.14693497,-0.06264861,0.0036371984
351812356947937,0.11550661,-0.07403653,0.004290942
351812376947938,0.091699705,-0.05586513,-0.004827918
351812396947939,0.09461683,-0.053401034,-0.011193587
351812416947940,0.112714075,-0.07029832,5.449615E-4
351812436947941,0.12954995,-0.067120194,-1.9958917E-4
351812456947927,0.1274062,-0.013556298,-6.6441164E-4
351812476947928,0.11045294,-0.019001214,0.003397722
351812496947929,0.13233057,-0.027986884,-0.014087376
351812516947930,0.14429292,-0.011461418,-0.014024559
351812536947931,0.11549281,0.0129607115,-0.005137216
351812556947932,0.13321625,0.001592879,-0.020736251
351812576947933,0.16499253,-0.014809966,-0.01979146
351812596947934,0.17149694,0.0096842395,-0.031951465
351812616947935,0.17466433,0.02312157,-0.051010136
351812636947936,0.13974833,0.022483092,-0.026442077
351812656947937,0.10023708,0.026666243,-0.008488276
351812676947938,0.096780874,-3.74788E-4,-0.016130285
351812696947939,0.08873731,-0.019581538,-0.042024966
351812716947940,0.08965517,-0.022471162,-0.024405548
351812736947941,0.07438249,-0.018821232,0.001178712
351812756947927,0.11376101,-0.013940638,-0.024910348
351812776947928,0.14761242,0.0041542384,-0.004931899
351812796947927,0.13130248,0.014713052,-0.0023340257
351812816947927,0.12822482,-0.01090601,-0.010189155
351812836947928,0.10443853,-0.029627802,0.022952512
351812856947927,0.063307084,-0.04245203,0.044625085
351812876947927,0.077865474,-0.045423467,0.055354033
351812896947928,0.104291506,-0.030816134,0.038507443
351812916947927,0.11676557,0.016552575,-0.010247483
351812936947927,0.15795282,0.06573527,-0.04501773
351812956947928,0.17005447,0.059377216,-0.03655527
351812976947929,0.1455264,0.024252424,-0.007253509
351812996947927,0.14631473,0.026839362,0.021282338
351813016947928,0.15141074,0.03717183,0.0021865957
351813036947927,0.17557986,0.042439975,-0.019143233
351813056947927,0.16821994,0.0059012435,-5.2410207E-4
351813076947928,0.12622163,-0.016721437,0.0053242245
351813096947927,0.113925755,-0.002072399,0.0060024313
351813116947927,0.14269613,-0.013857484,0.009566856
351813136947928,0.16045836,-0.042219162,-0.011228394
351813156947927,0.21008861,-0.013368109,-0.07520124
351813176947928,0.19412376,0.028802853,-0.080525294
351813196947929,0.09578928,0.021971535,-0.05326986
351813216947930,0.078549154,-0.004434579,-0.03399568
351813236947931,0.1288398,-0.024364874,-0.032854967
351813256947932,0.14020653,0.0013718265,0.001694702
351813276947933,0.1431401,-0.0023476034,0.024831558
351813296947934,0.13748387,0.010975719,0.04882981
351813316947935,0.097642735,0.015219015,0.014628556
351813336947936,0.08711703,0.002126455,-0.051848963
351813356947937,0.10279663,-0.014904829,-0.052014537
351813376947938,0.11299268,-8.73321E-4,-0.017064156
351813396947939,0.15773101,0.026806245,-0.03771492
351813416947940,0.13349374,0.04816012,-0.05439023
351813436947941,0.08768017,0.031374324,0.008805531
351813456947927,0.15495677,-0.009683797,0.018295294
351813476947928,0.15117142,0.026577977,-6.4130087E-4
351813496947929,0.058617372,0.047058657,-0.042398214
351813516947930,0.12269485,-0.0018157875,-0.015237866
351813536947931,0.13953038,-0.038279086,0.028139822
351813556947932,0.08855739,-0.030750591,0.031973254
351813576947933,0.11055166,-0.02159455,0.027941972
351813596947934,0.13209942,0.0013647097,0.016396057
351813616947935,0.1383387,0.018634107,0.014808512
351813636947936,0.11497253,0.0071877507,0.008484527
351813656947937,0.111273706,0.0047307992,-0.018916732
351813676947938,0.17153692,4.4119643E-4,-0.018378623
351813696947939,0.16380955,0.020905768,-0.036724433
351813716947940,0.12833707,0.0054606656,-0.03500746
351813736947941,0.121759,-0.0049952953,-0.03964925
351813756947927,0.11852242,9.985953E-4,-0.03617012
351813776947928,0.1183508,0.029274076,-0.022082042
351813796947927,0.13961637,0.017257726,-0.020713363
351813816947927,0.17037623,0.0049397973,-0.02132163
351813836947927,0.14396879,0.017719274,-0.010762484
351813856947927,0.106346354,0.012434627,-7.0001255E-4
351813876947927,0.1137524,0.031128086,-0.012795634
351813896947927,0.10955845,0.014808399,-0.017209912
351813916947927,0.09459856,0.012770219,-0.013179047
351813936947927,0.121278785,0.032135844,-0.03251158
351813956947927,0.10429918,0.022100175,-0.02176304
351813976947927,0.09883545,0.046667606,0.0018591462
351813996947927,0.12830009,0.052159153,-0.0061289286
351814016947927,0.13025053,0.061545737,-0.007860591
351814036947927,0.09335436,0.04737212,-0.006277061
351814056947927,0.08842849,0.014207904,4.5151432E-4
351814076947927,0.1086817,-0.003920675,-0.013701433
351814096947927,0.1256241,-0.018568477,-0.023565277
351814116944381,0.11300809,-0.042320814,-0.008497696
351814136944381,0.12944882,-0.0069416803,0.0148017695
351814156944381,0.17894346,0.041046835,-0.0011536884
351814176944381,0.15249866,0.03363564,-0.013392804
351814196944381,0.12862645,0.007943448,-0.007764936
351814216944381,0.14092612,-0.023145871,0.005042379
351814236944381,0.13206191,-0.062687956,0.03158286
351814256944381,0.14028041,-0.09851496,0.02043334
351814276944381,0.13803163,-0.08218096,-4.841599E-4
351814296944381,0.108378485,-0.05294151,0.023553744
351814316944381,0.110863805,-0.026121631,-0.008780927
351814336944381,0.12182069,-0.061323132,-0.06120099
351814356944382,0.11576818,-0.055787247,-0.038917862
351814376944383,0.12503138,-0.034760036,-0.03594278
351814396944384,0.13957478,0.0018307938,-0.05183
351814416944385,0.11157232,0.019181658,-0.041121773
351814436944386,0.09087091,-0.0021736538,-0.002101434
351814456944387,0.101245925,-0.029960785,0.002052025
351814476944388,0.12132752,-0.008956567,-0.00693141
351814496944389,0.12387097,0.020459998,0.006756799
351814516944390,0.14592922,0.003802389,-0.0042962884
351814536944391,0.15911768,-0.022417748,-0.0032096736
351814556944392,0.14896777,-0.019388078,0.010270194
351814576944393,0.14205867,-0.015224112,-6.2376866E-4
351814596944394,0.14922863,-0.013224551,0.010186538
351814616944395,0.12035896,0.0035687964,0.014304033
351814636944381,0.15522984,0.0027175585,-0.0147140315
351814656944382,0.16351359,0.0020165099,-0.027143572
351814676944383,0.115504265,-0.0077607036,-0.026410282
351814696944384,0.103015296,-0.035455238,-0.016797533
351814716944385,0.113217965,-0.05899646,-0.011317746
351814736944386,0.12398075,-0.053351708,-0.009172979
351814756944387,0.1284961,-0.049179472,-0.008700387
351814776944381,0.091952875,-0.05712645,-0.008488292
351814796944382,0.057460997,-0.07078677,0.008752714
351814816944381,0.0599618,-0.08840998,0.0035000541
351814836944381,0.06100733,-0.07144118,-0.02223333
351814856944382,0.108684085,-0.031400867,-0.031871647
351814876944381,0.1459186,-0.0242398,-0.022132318
351814896944381,0.1122036,-0.031142749,-0.031958543
351814916944382,0.08465009,-0.03936604,-0.038768787
351814936944381,0.07461754,-0.058745183,-0.002117918
351814956944381,0.07633605,-0.07587863,0.041810893
351814976944382,0.08649709,-0.079243265,0.043740086
351814996944381,0.08603778,-0.06443273,0.018286506
351815016944381,0.06738481,-0.04951586,7.860378E-5
351815036944382,0.061337695,-0.037509635,-0.011738491
351815056944381,0.063822486,-0.029013367,-0.011770198
351815076944381,0.080723286,-0.040735915,-0.017695261
351815096944382,0.11150835,-0.059765063,-0.025209488
351815116944381,0.13325526,-0.026166389,-0.043489378
351815136944381,0.15065527,0.022587497,-0.055636134
351815156944382,0.13685285,0.044273324,-0.035818946
351815176944381,0.090056315,0.039866704,-7.257442E-4
351815196944381,0.08200254,0.015007858,0.024603784
351815216944382,0.11711656,-0.011662712,0.02053663
351815236944383,0.14222133,-0.027262013,0.026923608
351815256944384,0.12165784,-0.045039795,0.03768158
351815276944385,0.096782304,-0.053874344,0.0063793045
351815296944386,0.079153776,-0.038713124,-0.03541647
351815316944387,0.07896571,-0.028766239,-0.04925886
351815336944388,0.11801357,-0.02284336,-0.05490633
351815356944389,0.13800953,-0.020412656,-0.058526933
351815376944390,0.13690713,-0.0239537,-0.062298972
351815396944391,0.13734959,-0.03487059,-0.06528634
351815416944392,0.12853181,-0.05273935,-0.059157863
351815436944393,0.09892607,-0.041122437,-0.04706092
351815456944394,0.10057198,-0.028334035,-0.02712794
351815476944395,0.10175888,-0.04988728,0.0032734692
351815496944381,0.077598676,-0.07262905,0.04273384
351815516944382,0.095443755,-0.0756708,0.05201584
351815536944383,0.12815027,-0.06744858,0.0061704414
351815556944384,0.07875929,-0.035468355,0.03213246
351815576944385,0.106262505,-0.040716585,0.02151997
351815596944386,0.17925385,-0.049679227,-0.025884805
351815616944387,0.16828746,-0.016429279,-0.055787496
351815636944388,0.1584562,-0.020386962,-0.051198352
351815656944389,0.14215755,-0.04900604,-0.016266303
351815676944390,0.08144977,-0.010491623,0.013328323
351815696944391,0.062428147,0.05625563,0.029824607
351815716944392,0.11563221,0.058524743,0.0071676713
351815736944393,0.15219145,0.020310862,-0.025058636
351815756944394,0.11078719,0.020412207,-0.0053104376
351815776944395,0.083267346,0.03500466,0.015569935
351815796944381,0.09815759,-0.0062286397,0.047010608
351815816944382,0.0794802,-0.029852033,0.049862117
351815836944381,0.104261585,-0.030404868,-0.015401755
351815856944381,0.15398477,-0.06860067,-0.075768925
351815876944382,0.09532798,-0.07422656,-0.052998103
351815896944381,0.056456592,-0.061715543,-0.017011471
351815916944381,0.06957725,-0.04669426,-0.014976291
351815936944382,0.073482044,0.0026085447,0.016795194
351815956944381,0.092172526,-0.029613059,0.03541518
351815976944382,0.12800868,-0.084392056,0.04072018
351815996944383,0.083611056,-0.05904256,0.025713904
351816016944384,0.055047873,-0.015986156,-0.03647556
351816036944385,0.08261956,-0.048013117,-0.090701126
351816056944386,0.07697766,-0.060245436,-0.07796473
351816076944387,0.07126736,-0.044238284,-0.028542083
351816096944381,0.08446605,-0.04499916,-0.014627154
351816116944381,0.08236114,-0.051548272,0.009333676
351816136944382,0.05864446,-0.040180787,0.016773649
351816156939774,0.1180094,-0.04642921,-0.021907395
351816176939774,0.10291962,-0.04016886,-0.047628906
351816196939775,0.043509673,-0.010186588,-0.010575589
351816216939774,0.06555051,-0.02573097,0.011914532
351816236939774,0.13330159,-0.05167294,0.01710157
351816256939775,0.08162079,-0.043448642,0.061985623
351816276939774,0.100640625,-0.028006189,0.06910047
351816296939774,0.17984931,-0.046377607,0.05678337
351816316939775,0.20463514,0.011472905,0.052764114
351816336939774,0.10046593,-0.0599405,-0.024355063
351816356939774,0.029388195,-0.067474976,-0.050520543
351816376939775,0.11555451,-0.057060882,-0.022743627
351816396939774,0.118694365,-0.026813628,-0.0188574
351816416939774,0.1189339,-0.030605437,-0.043463845
351816436939774,0.12566209,-0.036212776,-0.026492484
351816456939774,0.14159825,-0.050591897,-0.010071495
351816476939774,0.13645229,-0.021159226,-0.02839007
351816496939774,0.12471315,-0.013451253,-0.027453355
351816516939774,0.101804726,-0.01817042,0.0034522123
351816536939774,0.09637301,-9.241176E-4,-0.005102169
351816556939774,0.1367269,-0.0034270308,-0.038520325
351816576939774,0.12480066,-0.01986054,0.0029649273
351816596939774,0.09898784,-0.024941986,0.022079479
351816616939774,0.116576344,-0.012343183,0.0070245815
351816636939774,0.100016676,0.021581104,0.022421056
351816656939774,0.08677346,0.0056037046,0.010895077
351816676939774,0.12466598,-0.019214042,-0.015458694
351816696939774,0.10631943,0.0014512464,-0.007794184
351816716939774,0.09312646,-0.0024075452,-0.0062135523
351816736939774,0.077764,-0.018033199,-0.017063566
351816756939774,0.07335902,-0.00502091,-0.030802686
351816776939774,0.093770914,-0.030631589,-0.020602718
351816796939774,0.0898773,-0.039058752,-0.035483778
351816816939774,0.091895245,-0.023921072,-0.05626167
351816836939774,0.08926599,0.00298293,-0.03051755
351816856939774,0.084416546,0.003432963,-0.022769066
351816876939774,0.13756338,0.017329179,-0.011435738
351816896939774,0.11978404,0.016254455,0.038518414
351816916939774,0.11364454,-0.0075592925,0.044221714
351816936939774,0.11132472,-0.030989401,0.038822826
351816956939774,0.06839653,9.129696E-4,0.046691686
351816976939774,0.12498477,0.0018569434,0.049594495
351816996939774,0.17600937,-0.01600726,0.011290759
351817016939774,0.13405173,0.0051824823,-0.008599052
351817036939774,0.1087339,0.0025050237,-0.023146037
351817056939774,0.13017046,-0.033204786,-0.037396092
351817076939774,0.10042882,-0.036413997,-0.030865932
351817096939774,0.07288729,-0.018287864,-0.04085179
351817116939774,0.111359075,-0.028310638,-0.04037018
351817136939774,0.08706844,-0.034818683,-0.022823138
351817156939774,0.07051864,-0.022190021,-0.006216483
351817176939774,0.12442316,-0.04175401,0.0072699925
351817196939774,0.120191455,-0.03327166,0.02693175
351817216939774,0.098123446,-0.012062016,0.06385883
351817236939774,0.11019488,-0.009402905,0.060487907
351817256939774,0.12740335,6.3436176E-4,0.05301229
351817276939774,0.10856218,-0.0037582116,0.046833877
351817296939774,0.108450405,-0.03457703,0.023531014
351817316939774,0.098412044,-0.028421627,-0.012546722
351817336939774,0.096857026,-0.011565703,-0.059354804
351817356939774,0.11779589,-0.040529985,-0.10255513
351817376939774,0.13120714,-0.062140897,-0.10394557
351817396939774,0.14323048,-0.05695123,-0.07070848
351817416939774,0.13145894,-0.027519256,-0.07227009
351817436939774,0.07122712,-0.005402801,-0.07113997
351817456939774,0.09401964,-0.032603975,-0.012696536
351817476939775,0.10056795,-0.064082175,0.03607179
351817496939774,0.087958425,-0.064325474,0.039606594
351817516939774,0.07957623,-0.05919409,0.05799906
351817536939775,0.073765114,-0.04151989,0.05531261
351817556939774,0.07889937,-0.03236765,0.0322566
351817576939774,0.084263854,-0.02020426,0.020386407
351817596939775,0.11513978,-0.012287623,0.0053385147
351817616939774,0.14172824,-0.031796955,-0.017731525
351817636939774,0.12213394,-0.032058395,-0.05769429
351817656939775,0.09389231,-0.010307774,-0.060499154
351817676939774,0.089975126,0.002286769,-0.05036196
351817696939774,0.10670445,0.009502941,-0.0553637
351817716939775,0.09824174,0.02150929,-0.049276665
351817736939774,0.101378106,0.003536096,-0.045820765
351817756939774,0.097233534,-0.026161471,-0.01901803
351817776939775,0.06833979,-0.01982461,0.015076764
351817796939774,0.056695398,-0.0073072845,0.010182479
351817816939774,0.057383817,-0.007756217,0.01642666
351817836939775,0.059192427,-0.020493215,0.05303651
351817856939774,0.07794575,-0.043337174,0.04308495
351817876939774,0.102264546,-0.041362472,0.0074307173
351817896939775,0.09406132,-0.033101976,0.004240078
351817916939774,0.07971321,-0.043294374,0.007710703
351817936939774,0.08672781,-0.050641116,-0.01628904
351817956939775,0.10485954,-0.04029659,-0.045910906
351817976939774,0.11247548,-0.040033426,-0.053442005
351817996939774,0.09960514,-0.038610164,-0.070388876
351818016939775,0.09111379,-0.035479583,-0.07761645
351818036939774,0.10830644,-0.036900517,-0.06700048
351818056939774,0.087337844,-0.040631007,-0.04249012
351818076939775,0.043292504,-0.045610826,0.0073222085
351818096939774,0.0372091,-0.04082332,0.039551325
351818116939774,0.06759266,-0.03158866,0.045492362
351818136939775,0.0981349,-0.036169842,0.039259143
351818156939774,0.13431789,-0.053115416,0.012152682
351818176941874,0.13502829,-0.030488312,-0.014075357
351818196941875,0.09208877,0.008349788,-0.0030458176
351818216941874,0.061390724,0.0069234413,0.010887373
351818236941874,0.08038143,-0.017927738,0.0075757885
351818256941875,0.0788533,-0.016951835,-0.015797304
351818276941874,0.08369996,-0.037300453,-0.013783759
351818296941874,0.11984624,-0.06572537,-0.02490563
351818316941875,0.14002416,-0.047992643,-0.05575951
351818336941874,0.08406607,-0.002171689,-0.025968751
351818356941874,0.049388234,0.007868281,0.0077436753
351818376941875,0.08789934,-0.0060080662,0.00484645
351818396941874,0.10972714,0.016502172,0.015448977
351818416941874,0.12157592,0.024717163,-0.0069768704
351818436941875,0.12596169,0.005390806,-0.009747404
351818456941874,0.079673946,-0.0073478613,0.0078025507
351818476941874,0.040865533,-0.0283369,0.03317966
351818496941875,0.08249943,-0.018522479,0.03512757
351818516941874,0.10447471,0.033086974,0.032650966
351818536941874,0.10835628,0.08730282,-0.019856181
351818556941875,0.07756805,0.06834969,-0.09237979
351818576941874,0.02277549,-0.011370866,-0.08609107
351818596941874,0.059947673,-0.052234102,-0.033821616
351818616941875,0.123508565,-0.004223824,6.497396E-4
351818636941874,0.12517036,0.048602775,0.0014307145
351818656941874,0.11204891,0.043396745,0.021442056
351818676941875,0.05477993,0.0123944115,0.027467757
351818696941874,0.03630668,-0.009100943,0.0043871184
351818716941874,0.08757267,-0.0074262153,-0.05049949
351818736941875,0.119873784,-0.0155759305,-0.070420966
351818756941874,0.1312363,-0.045390755,-0.08321324
351818776941874,0.11343431,-0.058808696,-0.0695607
351818796941874,0.044363994,-0.027600178,-0.045958713
351818816941875,0.04609626,-0.008290525,-0.03295973
351818836941874,0.09049819,-0.011637691,-6.08898E-4
351818856941874,0.08283231,-0.018961437,0.016017212
351818876941875,0.06344636,-0.027358092,0.0032647653
351818896941874,0.03449462,-0.03298165,0.015475534
351818916941874,0.04926293,-0.008781515,0.010971056
351818936941875,0.079917826,0.015385079,-0.0056920447
351818956941874,0.098726116,0.073507816,0.013600563
351818976941874,0.13823065,0.08613433,-0.004117069
351818996941875,0.16383862,0.0112196505,-0.023575071
351819016941874,0.116920054,0.014088167,0.019200964
351819036941874,0.08727645,0.061047073,0.024173006
351819056941875,0.14405838,0.034520634,0.025487257
351819076941874,0.064354375,-0.043391492,-0.0027641475
351819096941874,0.023001967,-0.056944195,-0.021896373
351819116941875,0.08477341,-0.05796083,-0.012695907
351819136941874,0.10153847,-0.032903694,-0.048619457
351819156941874,0.07664976,-0.0038429473,-0.042267095
351819176941874,0.11930713,0.025264207,-0.026758173
351819196941874,0.077575356,-0.020653764,-0.014632922
351819216941874,0.08308337,0.009273336,-0.033479795
351819236941874,0.11568936,0.006616131,-0.031746898
351819256941874,0.10018593,-0.025865624,0.002986382
351819276941874,0.09181984,-0.009428547,0.030447513
351819296941874,0.084566124,0.006239754,0.031872895
351819316941874,0.11333485,0.009691296,-0.0064722043
351819336941874,0.12320343,-0.0030494516,-0.011090265
351819356941874,0.06718418,-0.010798694,0.024008166
351819376941874,0.07268535,-0.008135669,0.004742736
351819396941874,0.09605596,-0.0033542945,-0.017672284
351819416941874,0.07886715,-0.012767608,-0.02805304
351819436941874,0.12492162,-0.032317583,-0.032474175
351819456941874,0.18997617,0.009833832,-0.025837779
351819476941874,0.11258975,0.020322504,-0.021500062
351819496941874,0.0700682,-0.024335306,0.0029382969
351819516941874,0.12592281,-0.075001456,-0.019877082
351819536941874,0.09080898,-0.0141256675,-0.012276482
351819556941874,0.07609329,0.06347376,-0.03143932
351819576941874,0.12026825,0.05450675,-0.014029624
351819596941874,0.123202406,-0.0038280135,0.010980323
351819616941874,0.10440896,-0.027001549,0.047732327
351819636941874,0.11031986,-0.008295434,0.04279248
351819656941874,0.10154139,-0.0023382604,0.013939128
351819676941874,0.08946723,0.015450064,0.028527299
351819696941874,0.1173099,0.009451499,0.010616108
351819716941874,0.13399167,-0.013943536,-0.00440724
351819736941874,0.08360107,0.008652364,-0.00999517
351819756941874,0.07974349,0.05037097,-0.06024981
351819776941874,0.11720833,0.008644867,-0.0629692
351819796941875,0.11840874,-0.02745655,-0.013874668
351819816941876,0.08682796,-0.04301076,-0.01628274
351819836941877,0.07018322,-0.038633455,-0.014860242
351819856941878,0.04929225,0.005405452,0.021269925
351819876941879,0.047956094,0.037116196,0.047259998
351819896941880,0.051018704,0.023486119,0.037212618
351819916941881,0.044027906,-0.02020765,0.03824925
351819936941874,0.07525989,-0.063578956,0.043125637
351819956941874,0.09339675,-0.058662903,0.026896695
351819976941874,0.122228295,-0.0020583887,0.0031041629
351819996941874,0.11876855,0.0028008886,-0.009176834
351820016941874,0.09347738,-0.03962748,-0.04233603
351820036941874,0.09607147,-0.030273737,-0.047991566
351820056941874,0.08529447,-0.0023266603,-0.053685904
351820076941874,0.09164617,-0.04510683,-0.071208894
351820096941874,0.096225925,-0.091118164,-0.058910005
351820116941874,0.09639506,-0.06622194,-0.028812474
351820136941874,0.08299548,-0.05438182,-0.014412411
351820156941874,0.07471391,-0.041350562,-0.0013051913
351820176936800,0.066389374,-0.052354712,0.027953314
351820196936801,0.059614506,-0.065527566,0.036092516
351820216936802,0.060431477,-0.09082355,0.01775694
351820236936803,0.055814415,-0.10639721,0.0210577
351820256936804,0.052439325,-0.11185891,-3.5784827E-4
351820276936805,0.07460812,-0.10380429,-0.021453692
351820296936806,0.08875279,-0.079197176,-0.008340966
351820316936807,0.09959613,-0.10046037,-0.025096342
351820336936808,0.07622126,-0.12142651,-0.04198304
351820356936809,0.030684365,-0.07265787,-0.0013794774
351820376936810,0.04662971,-0.055807233,0.024316585
351820396936811,0.07965958,-0.07409731,0.008331271
351820416936812,0.07583134,-0.032893088,-0.017663945
351820436936813,0.08366294,-0.030185498,-0.030491158
351820456936814,0.08673865,-0.07059379,-0.019763846
351820476936800,0.053621694,-0.04795352,0.0025110007
351820496936801,0.045867212,-0.019656992,0.036026392
351820516936802,0.08532616,-0.025832692,0.04348187
351820536936803,0.09530679,-0.022508575,0.020931063
351820556936804,0.071606,-0.018579569,0.015668528
351820576936805,0.06055528,-0.042802285,0.0014532962
351820596936806,0.0636783,-0.060866065,-0.017148139
351820616936807,0.06858298,-0.021665892,-0.020773334
351820636936808,0.08247657,-0.015922964,-0.03769755
351820656936809,0.08440116,-0.048873384,-0.057616405
351820676936810,0.06920472,-0.055704847,-0.05123348
351820696936811,0.057964887,-0.047769144,-0.03966376
351820716936812,0.06531496,-0.03695449,-0.038877588
351820736936800,0.06759012,-0.011548747,-0.031904325
351820756936801,0.04201415,-0.020364342,-0.013424821
351820776936800,0.022311829,-0.032680366,-0.0068401014
351820796936800,0.031054066,-0.040414304,0.0035218608
351820816936801,0.06158891,-0.06605796,0.009071237
351820836936800,0.08057868,-0.08316147,0.009590709
351820856936800,0.07001935,-0.043443915,0.021686528
351820876936801,0.057401694,-0.014480727,0.015149254
351820896936800,0.053381745,-0.03625405,-0.015228648
351820916936800,0.056129873,-0.05301966,-0.033880122
351820936936801,0.05255347,-0.067270264,-0.036875065
351820956936800,0.07122864,-0.07491223,-0.05090381
351820976936801,0.0675651,-0.044735327,-0.049805723
351820996936802,0.041204914,-0.031069007,-0.04744342
351821016936803,0.057951547,-0.058606736,-0.045898177
351821036936800,0.042477556,-0.026371049,0.0037355237
351821056936801,0.041510455,-0.012639085,0.056399863
351821076936800,0.084515974,-0.05603279,0.059839748
351821096936800,0.08379404,-0.07744393,0.043344554
351821116936801,0.032505482,-0.046639007,0.014138369
351821136936800,0.0331759,-0.05805829,0.01766662
351821156936800,0.07569244,-0.09212343,0.026483964
351821176936801,0.04991038,-0.065573804,0.06731801
351821196936800,0.08528203,-0.054001343,0.044516493
351821216936800,0.13190353,-0.074300975,-0.0455503
351821236936801,0.1103434,-0.018839512,-0.06714133
351821256936800,0.0796797,-0.011212209,-0.05128557
351821276936800,0.06344813,-0.08715114,-0.06557085
351821296936801,0.06276823,-0.04355692,-0.01553463
351821316936800,0.0838011,0.011875567,0.042956043
351821336936801,0.124878794,-0.045764454,0.048194863
351821356936802,0.101987086,-0.035194155,0.033516925
351821376936803,0.04534297,0.021712683,0.050152346
351821396936804,0.06279449,-0.044009037,-0.015202435
351821416936805,0.08064423,-0.062811874,-0.06659073
351821436936806,0.038374584,-0.011508547,-0.09560164
351821456936800,0.051009327,-0.056990348,-0.06784251
351821476936801,0.040075872,-0.066776425,-0.033482894
351821496936800,0.04004823,-0.0044895113,-0.037273932
351821516936800,0.04223736,-0.014286452,0.0016150754
351821536936800,0.006095918,-0.060630154,0.009285609
351821556936801,0.012215941,-0.0724378,0.030910736
351821576936800,0.036489937,-0.06033872,0.020968406
351821596936800,0.10475303,-0.049593046,0.0031563418
351821616936801,0.11811111,-0.024636881,-0.014981258
351821636936800,0.10535245,-0.0040949285,-0.016656589
351821656936800,0.101342656,-0.054022066,-0.049936254
351821676936801,0.13775797,-0.10489332,-0.04980769
351821696936800,0.13007598,-0.057074875,-0.018180959
351821716936800,0.10692304,-0.0697911,-0.032807693
351821736936801,0.07460617,-0.052927934,0.033582475
351821756936800,0.07873015,-0.031751644,0.016945401
351821776936800,0.12440836,-0.030449977,-0.011499031
351821796936801,0.089590244,-0.014106132,-0.015035067
351821816936800,0.108542114,-0.052413557,-0.011250447
351821836936800,0.081920214,-0.03242207,-0.037547447
351821856936801,0.09270833,-0.07104184,-0.059729673
351821876936800,0.09870985,-0.082295306,-0.022889825
351821896936800,0.05030889,-0.01709182,-0.0153245665
351821916936800,0.09054432,-0.04929958,-0.016492356
351821936936801,0.079575114,-0.002297721,0.0032033452
351821956936802,0.008482759,0.029750051,-0.0028795167
351821976936803,0.02539736,-0.021486755,0.026241818
351821996936804,0.050053477,-0.02849865,0.046993997
351822016936805,-0.0015418774,0.016219357,0.03268538
351822036936806,0.02182709,0.009950336,0.039128233
351822056936807,0.066521116,-0.027748402,-1.8945537E-4
351822076936800,0.034304373,-0.06022661,-0.019448146
351822096936800,0.062065504,3.0947643E-4,0.046094842
351822116936800,0.074021436,-0.04252509,-0.028217847
351822136936800,0.079744354,-0.013079184,-0.038798165
351822156936800,0.07534512,0.0020080768,-0.025998663
351822176936800,0.116618626,-0.042798184,-0.049774107
351822196936800,0.07950825,-0.030674614,-0.044694196
351822216936800,0.08593649,-0.02221753,-0.041213144
351822236936800,0.079579055,-0.039378505,-0.013813356
351822256936800,0.028577002,-0.025076047,0.014942851
351822276938014,0.027799768,-0.037976626,0.028231429
351822296938015,0.03047328,-0.052188236,-0.024138393
351822316938016,0.026324788,-0.05121779,0.037463248
351822336938017,0.029648118,-0.062169444,0.012298156
351822356938018,0.046431087,-0.06520711,-0.047794085
351822376938019,0.046196744,-0.04229564,-0.039540965
351822396938020,0.035905395,-0.07076794,0.0064333496
351822416938021,0.029351646,-0.066144235,-0.014340559
351822436938022,0.039883215,-0.023625853,-0.009873777
351822456938023,0.06434253,-0.0036442268,0.03256101
351822476938024,0.07560976,-0.04036749,-0.0019505715
351822496938025,0.076634675,-0.0638582,-0.0133599
351822516938026,0.062346864,-0.092031114,-0.01688184
351822536938027,0.041497417,-0.1446359,-0.031580083
351822556938028,0.0380803,-0.11215048,-0.01985232
351822576938014,0.042972412,-0.06019352,0.008614722
351822596938015,0.04138497,-0.07750946,0.017119966
351822616938016,0.027758164,-0.10058622,0.0051336573
351822636938017,0.03394605,-0.10143944,0.020713443
351822656938018,0.039673395,-0.10775723,0.016100686
351822676938019,0.07601404,-0.08041824,0.004113214
351822696938020,0.0891124,-0.048995137,-0.0045690252
351822716938021,0.10232126,-0.061928596,0.019567836
351822736938022,0.09349092,-0.08419624,0.036655113
351822756938014,0.09258559,-0.059576824,0.0293164
351822776938014,0.07619294,-0.01614742,0.04151098
351822796938014,0.044707768,-0.020027634,0.0027260631
351822816938014,0.061027132,-0.038891345,-0.049535066
351822836938014,0.085931085,-0.07120392,-0.052639835
351822856938014,0.08814149,-0.111676544,-0.058524653
351822876938014,0.041055936,-0.09773911,-0.0631106
351822896938014,0.029703258,-0.053995717,-0.05971986
351822916938014,0.06566205,-0.07241727,-0.03232942
351822936938014,0.06989173,-0.07464861,0.005041513
351822956938015,0.050397303,-0.017394774,0.011282388
351822976938014,0.06984141,-0.018610097,0.01829872
351822996938014,0.07873776,-0.06955091,0.04208777
351823016938015,0.06213983,-0.09432052,0.047993112
351823036938014,0.058112726,-0.08715823,0.022264892
351823056938014,0.08234765,-0.053165164,-0.019503616
351823076938015,0.100665145,-0.032290604,-0.010531396
351823096938014,0.07916276,-0.057249222,-0.017504724
351823116938014,0.04880209,-0.08195607,-0.040619142
351823136938015,0.046413105,-0.070954114,-0.0338202
351823156938014,0.054124024,-0.059541035,-0.0024287163
351823176938014,0.039146554,-0.060019452,0.02473038
351823196938015,0.05386652,-0.05039408,0.020617537
351823216938014,0.086378366,-0.038192756,0.0011109303
351823236938015,0.06997412,-0.041704733,-0.00669156
351823256938016,0.030861666,-0.050108273,-0.03887477
351823276938017,0.010380512,-0.050375827,-0.034242865
351823296938018,0.02365385,-0.04989242,-0.023288587
351823316938019,0.06165802,-0.066096246,-0.04718522
351823336938020,0.081225224,-0.064775005,-0.061183352
351823356938021,0.067813456,-0.047386903,-0.09137794
351823376938022,0.040282365,-0.057987742,-0.12656765
351823396938023,0.036758684,-0.066556156,-0.14065672
351823416938024,0.076840855,-0.06234062,-0.16387205
351823436938025,0.1243265,-0.06762873,-0.16109097
351823456938026,0.11412963,-0.06763327,-0.13156347
351823476938027,0.08101969,-0.078184284,-0.12653168
351823496938028,0.06747896,-0.0848029,-0.1351773
351823516938014,0.058455057,-0.04125847,-0.14088832
351823536938015,0.07553784,-0.04080516,-0.15020654
351823556938016,0.065954,-0.08152264,-0.1703181
351823576938017,0.047744364,-0.0896128,-0.20988388
351823596938018,0.06636081,-0.081110485,-0.24122272
351823616938019,0.11315674,-0.051556304,-0.23562248
351823636938020,0.10214053,-0.015380341,-0.22096592
351823656938021,0.06351253,-0.024063176,-0.21748151
351823676938022,0.07548173,-0.054186862,-0.23150668
351823696938023,0.10069468,-0.06825485,-0.23660487
351823716938024,0.09484724,-0.07538235,-0.21196146
351823736938025,0.073796235,-0.06826238,-0.24448793
351823756938026,0.06726546,-0.035172302,-0.29065987
351823776938014,0.07171849,-0.009107929,-0.28193432
351823796938015,0.084348775,-0.026478052,-0.27844816
351823816938014,0.09029981,-0.055198677,-0.30112776
351823836938014,0.058411777,-0.041033745,-0.33087423
351823856938015,0.053269204,-0.046991333,-0.3447433
351823876938014,0.05429093,-0.06578648,-0.31701177
351823896938014,0.066224255,-0.07837806,-0.30473208
351823916938015,0.10107697,-0.06425024,-0.3405154
351823936938014,0.09747374,-0.05448554,-0.4237483
351823956938014,0.054870494,-0.08504187,-0.5136806
351823976938015,0.003960156,-0.06937003,-0.5055979
351823996938014,-0.040384877,-0.024429915,-0.47459128
351824016938014,-0.009470993,-0.07741983,-0.4656059
351824036938015,0.014432041,-0.10678315,-0.4529784
351824056938014,0.027817376,-0.06817305,-0.4003949
351824076938014,0.009949988,-0.0793402,-0.39526454
351824096938015,0.006923524,-0.07369678,-0.4747487
351824116938014,0.029034967,-0.047768958,-0.5334314
351824136938014,0.021818027,-0.06057276,-0.5129743
351824156938015,-0.006240671,-0.08498472,-0.5435195
351824176938014,0.0154102,-0.10124327,-0.5706748
351824196938014,0.0217897,-0.068464436,-0.5673934
351824216938015,3.7000762E-4,-0.06632461,-0.54266953
351824236938014,-0.031133246,-0.08875926,-0.5576614
351824256938015,-0.002504032,-0.060701042,-0.55200356
351824276938016,0.008545167,-0.031327944,-0.5304364
351824296938017,5.698791E-4,-0.04266108,-0.5564561
351824316938018,-0.028970217,-0.09481678,-0.6087237
351824336938014,-0.053830657,-0.09149109,-0.54478365
351824356938015,-0.02538207,-0.038020615,-0.48487166
351824376938014,-0.019002842,-0.078832604,-0.5211574
351824396938014,0.028178869,-0.026873274,-0.6076794
351824416938015,0.048826434,-0.016259369,-0.59723663
351824436938014,-0.008631068,-0.07086477,-0.502225
351824456938014,-0.041891955,-0.098062076,-0.567192
351824476938015,-0.0021256108,-0.10627216,-0.66507435
351824496938014,0.00392282,-0.11296664,-0.59756446
351824516938014,-0.009055709,-0.08495934,-0.50132
351824536938015,-0.0027864114,-0.03274038,-0.56328064
351824556938016,-0.0018576141,-0.048167646,-0.615074
351824576938017,-0.0033617916,-0.09776904,-0.55304396
351824596938018,-0.014968193,-0.08193493,-0.47637597
351824616938014,0.016413335,-0.04922117,-0.5009368
351824636938014,4.5186817E-4,-0.10956335,-0.6236812
351824656938014,-0.028688133,-0.11719649,-0.64995503
351824676938014,-0.07213658,-0.08151558,-0.5771681
351824696938014,-0.063306674,-0.018177476,-0.57030827
351824716938014,-0.055284962,-0.019310003,-0.598732
351824736938014,-0.07161069,-0.014335778,-0.62206364
351824756935658,-0.06235938,0.015578612,-0.5927054
351824776935658,-0.07557006,0.030016657,-0.59220344
351824796935658,-0.0674452,0.061660543,-0.53883797
351824816935658,-0.07528135,0.05304744,-0.55045706
351824836935658,-0.09493534,-0.007399589,-0.60471314
351824856935658,-0.042793833,-0.07468823,-0.62627417
351824876935658,-0.027579257,-0.093726695,-0.5740065
351824896935658,-0.05839737,-0.021595854,-0.5407599
351824916935659,-0.08555616,0.011082028,-0.56104815
351824936935660,-0.08688639,-0.044606734,-0.64921415
351824956935661,-0.08950784,-0.061811704,-0.6727945
351824976935662,-0.11449739,-0.020972498,-0.60257107
351824996935663,-0.07244569,-0.022320611,-0.51390374
351825016935658,-0.03355747,-0.060326464,-0.53969276
351825036935658,-0.045600146,-0.11491354,-0.5975648
351825056935658,-0.099039555,-0.14304267,-0.58538616
351825076935658,-0.03745322,-0.13807702,-0.58155525
351825096935658,0.017476253,-0.20365709,-0.5101241
351825116935658,0.00441222,-0.23582019,-0.5132585
351825136935658,0.03896747,-0.18678829,-0.6325061
351825156935658,-0.0010164088,-0.1745913,-0.5884389
351825176935658,-0.04082297,-0.23563544,-0.49975282
351825196935658,0.06816157,-0.15711896,-0.6316319
351825216935658,-0.028549211,-0.005370597,-0.63963014
351825236935658,-0.30832914,-0.03423071,-0.5504973
351825256935658,0.020444626,-0.049391408,-0.529092
351825276935659,0.17897417,-0.08505247,-0.6004724
351825296935660,-0.1278283,-0.12759757,-0.6083438
351825316935661,-0.1097894,0.0031929875,-0.6136665
351825336935662,0.0021748485,0.10273897,-0.63588136
351825356935663,-0.10399561,0.07015077,-0.6257281
351825376935664,-0.1761262,0.09168451,-0.5879283
351825396935665,-0.09751357,0.124625996,-0.5850009
351825416935658,-0.09531866,0.10912418,-0.5946187
351825436935658,-0.1146547,0.0729592,-0.5731581
351825456935658,-0.099001855,0.022447865,-0.5875432
351825476935658,-0.10754454,-0.020324275,-0.6120827
351825496935658,-0.134832,-0.06215275,-0.6178401
351825516935658,-0.064787805,-0.09692916,-0.6054062
351825536935658,0.0036085746,-0.11727914,-0.5534163
351825556935658,-0.048230253,-0.24182141,-0.5040979
351825576935658,-0.12080011,-0.16072716,-0.61023813
351825596935658,-0.18111192,0.07613091,-0.61621153
351825616935658,-0.059811044,0.100121744,-0.57333046
351825636935659,0.021215145,-0.036504637,-0.5564923
351825656935660,-0.07206688,-0.17664602,-0.69251037
351825676935661,-0.2556803,-0.17837334,-0.49543434
351825696935662,-0.03410877,-0.19695482,-0.3818175
351825716935663,-0.17350492,-0.14161953,-0.61243045
351825736935658,-0.43208846,0.13986649,-0.541555
351825756935659,-0.23709543,0.2823084,-0.3603625
351825776935658,0.09213815,0.057308007,-0.49372667
351825796935658,0.15645729,-0.10427364,-0.65019196
351825816935659,0.26217824,-0.112493046,-0.61279696
351825836935658,0.39354974,0.06302144,-0.68096596
351825856935658,0.12273278,0.14932525,-0.71460414
351825876935659,-0.06724068,0.043334275,-0.65108633
351825896935658,0.25789362,0.12447513,-0.59269667
351825916935658,0.46478945,0.16883749,-0.49350765
351825936935659,0.044521317,-0.14794111,-0.31133285
351825956935660,-0.30152532,-0.3134888,-0.28172863
351825976935661,-0.34618244,-0.18039049,-0.42733905
351825996935662,-0.52490765,-0.24007481,-0.50962555
351826016935663,-0.42237574,-0.2816022,-0.4053357
351826036935664,0.059328582,-0.039542217,-0.34701097
351826056935665,0.14555387,0.11317973,-0.45265692
351826076935666,-0.1297305,0.13664961,-0.4745678
351826096935658,-0.10009726,0.07501463,-0.29650882
351826116935659,0.045855146,-0.1544398,-0.26656383
351826136935658,-0.031112485,-0.13648714,-0.33504197
351826156935658,-0.076311,0.053702794,-0.28333956
351826176935659,-0.00806056,-0.031753387,-0.31641525
351826196935658,0.052205406,-0.26182345,-0.29714754
351826216935658,0.17753336,-0.38774377,-0.24929474
351826236935659,0.10614681,-0.426802,-0.37132785
351826256935658,5.7514024E-4,-0.3450283,-0.39266387
351826276935658,-0.32796788,-0.26009294,-0.25520924
351826296935659,-0.51903254,-0.06446096,-0.42831808
351826316935658,-0.28522405,0.3339258,-0.51166224
351826336938403,-0.57408375,0.058481727,-0.3977558
351826356938404,-0.53474575,-0.33651695,-0.36862463
351826376938405,-0.505189,-0.38062778,-0.050978284
351826396938406,-0.38339582,0.38415945,-0.0027294543
351826416938407,-0.29935795,1.0231273,-0.36175686
351826436938408,-0.17338595,1.4934546,-0.29412228
351826456938409,0.43524173,1.8348901,-0.19146684
351826476938410,0.89438915,0.67750216,-0.6608312
351826496938411,0.84881854,-0.8769886,-0.73939884
351826516938412,-1.4040749,-3.0637028,-1.7820799
351826536938413,-3.2267437,-5.241997,-1.663815
351826556938414,0.4282807,-2.6331,1.4282391
351826576938415,1.4631966,-1.039489,1.6036596
351826596938416,1.1378695,-1.9152703,0.49004266
351826616938417,2.6735773,-0.042025127,0.23510985
351826636938403,5.1882496,2.0603817,1.8540499
351826656938404,-1.0654309,0.9326479,-1.6897324
351826676938405,-1.4723676,-1.5363177,-1.8173752
351826696938406,1.7710595,-2.057433,1.8313513
351826716938407,3.2551718,-0.6570058,3.3871915
351826736938408,4.3750505,2.359781,3.2867138
351826756938403,1.008998,1.8330557,-0.8327011
351826776938404,-1.7060156,1.6748856,-2.8443956
351826796938403,-1.700063,2.5331473,-2.4390845
351826816938403,-2.417511,1.601881,-2.355244
351826836938404,-1.5889981,-0.30415303,-1.1317347
351826856938403,0.1731765,0.53591216,0.6955464
351826876938403,0.7598458,1.2746862,0.6884453
351826896938404,0.8730445,0.9194639,-0.71322364
351826916938403,1.0360587,0.6168976,-0.90698093
351826936938403,0.109092124,-1.1660928,-0.08492096
351826956938404,-1.5267369,-5.740693,0.7949949
351826976938405,-0.84926075,-1.0704005,1.8340777
351826996938406,1.4203864,2.1810122,2.41162
351827016938407,2.768396,0.73905313,1.8752519
351827036938408,2.271827,-1.3466455,1.3402112
351827056938403,1.8447428,-0.4687187,1.162887
351827076938403,1.6542344,0.87507933,1.4361442
351827096938404,1.4697033,0.17894167,2.3884814
351827116938403,0.56522423,-0.41763183,2.5254552
351827136938403,0.6172521,-0.16249098,1.7889138
351827156938404,1.2706491,8.5053843E-4,1.5451709
351827176938403,1.5513811,-0.35371017,1.2266189
351827196938403,1.6764448,-0.82913315,0.57658106
351827216938404,1.6839396,-1.0772276,-0.36454853
351827236938403,-1.1357795,-1.6279985,-0.52803284
351827256938404,-0.2563883,-0.83139825,-0.47365117
351827276938405,1.0947092,0.22273809,-0.6105428
351827296938406,3.9038177,-0.81381464,0.18898475
351827316938407,1.5760682,-0.8902361,1.8173512
351827336938408,1.2217175,-0.7346421,0.93273306
351827356938409,3.940795,0.71481746,-1.8206247
351827376938410,-0.35698918,1.2368091,0.24544467
351827396938411,-5.8842416,2.7689207,3.0962727
351827416938412,8.722107,3.4015644,-4.026118
351827436938413,4.5871034,4.781491,-0.686565
351827456938414,-2.9273295,2.224661,3.3403049
351827476938415,-1.5871941,1.3534998,0.834002
351827496938416,-1.1167531,3.4546764,-1.8809841
351827516938417,-5.1794176,1.921758,3.261611
351827536938403,-6.6819158,4.8987465,7.431967
351827556938404,-6.2596397,2.6703622,3.6274862
351827576938405,-0.68482345,0.54661727,-0.81586546
351827596938406,3.910596,-0.54346883,-2.3574612
351827616938407,4.9773455,-1.5762311,-2.9656742
351827636938408,1.7823018,-0.36882508,-1.4585178
351827656938409,-0.8291405,1.22214,0.49450433
351827676938410,-1.3491668,1.3596439,1.1943201
351827696938411,-1.0237706,1.6018862,-0.53225005
351827716938412,-0.097188056,1.5007459,-3.350902
351827736938413,-0.1302692,2.001304,-3.7766855
351827756938403,-0.25994346,2.3248174,-3.3553548
351827776938403,-0.85358894,1.2946872,-2.6851835
351827796938403,-1.217982,-1.1675061,-2.185032
351827816938403,0.5277985,-4.4715652,-3.360662
351827836938403,-0.16182816,0.7265202,-3.2902608
351827856938403,-3.3358924,0.8813309,-2.634544
351827876938403,-1.3664107,-1.139773,-0.91989607
351827896938403,-1.0223086,-2.7331874,1.1140919
351827916938403,0.5497739,-4.436684,0.2148435
351827936938403,1.738092,-2.3493826,-1.809876
351827956938403,-0.03539857,1.525034,-4.595405
351827976938403,0.3170471,-0.80788255,-3.8776124
351827996938403,1.3837714,-3.0976746,-0.1827728
351828016938403,0.7185649,-2.9680405,1.13893
351828036938403,2.2484016,-0.58852124,-2.517875
351828056938403,0.13133651,-0.2770892,-0.073291786
351828076938403,-0.82246256,-1.4097489,2.2198143
351828096938403,-0.07129061,-1.9886101,2.165823
351828116938403,-1.0177069,-1.3321332,2.1015778
351828136938404,-0.39165646,0.25906968,0.38837904
351828156938403,1.0678005,0.39089417,-0.86480075
351828176938403,0.5117859,0.76638615,-0.41080704
351828196938403,0.24380167,-0.24475162,-0.051134646
351828216938403,0.4675749,-0.45643437,-0.043390375
351828236938403,0.74291295,-0.57875204,-0.09551518
351828256938404,0.26321274,-0.20359026,0.38335478
351828276938405,-0.34414157,0.4116307,0.059514742
351828296938406,-0.052882534,0.33423662,-0.30637434
351828316938407,0.4351222,0.1485988,-0.51932263
351828336938408,0.8118479,0.48540217,-1.3174536
351828356938409,1.0283767,0.5016636,-1.8005995
351828376938410,0.64204216,-0.0040419037,-0.8907464
351828396938411,0.17335919,-0.646252,0.3433242
351828416938412,-0.05856587,-1.3200186,0.7691104
351828436938413,0.10386655,-0.9037494,0.5017441
351828456938414,0.5182657,-0.09959073,0.54535794
351828476938403,1.6012291,-0.34635013,0.53496796
351828496938404,1.5682651,-0.014888402,-0.47149965
351828516938403,0.73575854,0.62193745,-1.2172906
351828536938403,0.27740887,0.7949022,-0.7245897
351828556938404,0.4532037,0.7245332,0.8893742
351828576938403,0.46525964,0.26032382,2.6601672
351828596938403,-0.037137542,-0.77705604,3.1234212
351828616938404,-0.13752648,-0.016267482,0.9767243
351828636938403,1.1773901,1.3352337,-2.696537
351828656938403,1.33308,1.9087445,-4.006152
351828676938404,0.31463608,0.85138464,-1.984336
351828696938403,0.3453308,-0.6156999,-0.34453335
351828716938403,0.9401815,-1.707885,-0.4348325
351828736938404,1.4867103,-3.8349578,0.18810102
351828756940809,1.919176,-5.818358,0.5104444
351828776940809,1.8347851,-4.4391785,-1.078611
351828796940810,0.4993179,-0.019691719,2.852659
351828816940809,-0.34853566,2.6897087,5.3779836
351828836940809,-0.26388898,1.6788218,1.520636
351828856940810,0.30604023,-1.1081649,-1.6965442
351828876940809,0.37122518,-0.19636719,-0.7345748
351828896940809,-0.8186581,1.8434285,2.1048687
351828916940810,-1.9957461,0.8895635,2.6758623
351828936940809,-2.0319355,-0.2658375,2.341095
351828956940809,-1.6515869,-0.26694414,1.6895789
351828976940810,-0.72608656,0.2026346,0.055150483
351828996940809,0.12346663,0.79987514,-1.3549367
351829016940809,0.31185225,1.6267239,-1.0240058
351829036940810,0.27270994,1.47358,-0.8734504
351829056940809,0.33611885,0.9284337,-1.4500756
351829076940809,0.27700973,0.6986306,-1.0564947
351829096940810,-0.066496655,0.09692011,0.46607465
351829116940809,0.101929,-0.2056827,1.2557176
351829136940809,0.6521403,-0.07115034,0.38803187
351829156940810,0.68051064,-0.17728531,-0.33666924
351829176940809,0.53019047,-0.41407236,0.043891314
351829196940809,0.64341396,-0.7941596,0.5918933
351829216940810,0.798756,-1.0864199,0.4630888
351829236940809,0.91892886,-0.7393845,-0.5558621
351829256940809,0.85793835,-0.05484281,-1.3735293
351829276940810,0.5229437,0.10566875,-1.0732477
351829296940809,0.27535835,-0.33601972,-0.41776043
351829316940809,0.4623132,-0.64732915,-0.22504997
351829336940810,0.687158,-0.6656554,-0.43517563
351829356940809,0.7993954,-0.5714733,-0.84446245
351829376940809,0.82017,-0.41986808,-1.0482365
351829396940810,0.725565,-0.43520933,-0.6827533
351829416940809,0.6125163,-0.48886755,-0.23938371
351829436940809,0.5919709,-0.4568603,-0.10095292
351829456940810,0.6206081,-0.4320047,-0.10498121
351829476940809,0.5973301,-0.39269266,-0.07966114
351829496940809,0.46902546,-0.18100923,-0.032696236
351829516940810,0.30649725,0.049086764,-0.18899843
351829536940809,0.38818443,0.023973607,-0.3695312
351829556940809,0.50592154,-0.099166766,-0.30166405
351829576940810,0.49258026,-0.21883646,-0.06915512
351829596940809,0.28957054,-0.35820705,0.29742587
351829616940809,0.10659684,-0.32054505,0.5262563
351829636940810,0.25583595,-0.36696714,0.4552061
351829656940809,0.42135498,-0.38451803,0.2257523
351829676940809,0.2692529,-0.16631696,-0.015844237
351829696940810,0.30762264,0.006931906,-0.27363873
351829716940809,0.62415415,-0.19165632,-0.27348113
351829736940809,0.6256152,-0.42178506,0.072562896
351829756940810,0.26870233,-0.36562952,0.35551345
351829776940809,0.13532622,-0.23089665,0.2311596
351829796940809,-0.3017384,0.5470197,-0.26285118
351829816940809,0.052152306,0.1986877,-0.38635215
351829836940810,1.0745,-0.61112815,-0.61351925
351829856940809,1.557305,-0.74465084,-0.91006047
351829876940809,0.7576456,-0.19742419,-0.3896232
351829896940810,-0.41827506,-0.357549,1.2216655
