UPTIMENANO,Mx,My,Mz
351796679467667,-8.814077,13.415026,-27.567812
351796699324308,-8.664076,13.265026,-27.567812
351796719180947,-8.664076,12.965025,-27.267813
351796739037587,-8.664076,12.815025,-26.967813
351796758894356,-8.664076,12.665026,-26.817812
351796778750995,-8.664076,12.215025,-26.817812
351796798606049,-8.664076,11.465025,-26.517813
351796818462690,-8.664076,11.615026,-26.517813
351796838319329,-8.214077,11.765026,-26.367811
351796858176097,-8.364077,11.765026,-26.217813
351796878032738,-8.364077,11.765026,-26.217813
351796897882001,-8.364077,11.765026,-26.217813
351796917738513,-7.6140766,11.765026,-26.217813
351796937595026,-7.164076,11.765026,-26.217813
351796957451665,-7.3140774,11.765026,-26.217813
351796977308177,-7.3140774,11.765026,-26.217813
351796997164818,-7.3140774,11.765026,-26.217813
351797017015727,-7.3140774,11.765026,-26.217813
351797036872239,-7.3140774,11.615026,-26.217813
351797056728624,-7.6140766,11.615026,-26.217813
351797076585135,-8.064077,11.615026,-26.217813
351797096436288,-7.914076,11.465025,-26.217813
351797116292673,-7.914076,11.465025,-26.217813
351797136148928,-8.664076,10.865026,-26.217813
351797156005312,-8.814077,10.115026,-26.217813
351797175861697,-8.814077,10.115026,-26.217813
351797195718226,-8.814077,10.415026,-26.217813
351797215574482,-8.814077,10.415026,-26.217813
351797235430739,-8.814077,10.415026,-26.217813
351797255286994,-8.664076,10.565025,-26.217813
351797275143250,-8.364077,10.865026,-26.217813
351797294999507,-8.214077,11.015026,-26.217813
351797314858925,-6.8640766,10.865026,-26.217813
351797334715181,-8.214077,10.865026,-26.217813
351797354571566,-8.064077,10.865026,-26.217813
351797374427821,-8.214077,10.865026,-26.217813
351797394278747,-8.364077,10.865026,-26.217813
351797414134876,-8.364077,10.865026,-26.217813
351797433991003,-8.664076,9.965025,-26.217813
351797453847131,-8.664076,8.465025,-25.917814
351797473703388,-9.414076,8.465025,-25.767813
351797493559529,-10.464077,8.465025,-25.767813
351797513415657,-13.764076,8.465025,-25.167814
351797533271914,-15.564075,8.465025,-23.517813
351797553128041,-16.464077,8.615025,-23.517813
351797572984297,-15.8640785,8.765026,-24.117811
351797592840426,-15.8640785,8.765026,-24.267813
351797612696297,-15.8640785,8.765026,-24.567812
351797632552425,-15.8640785,8.465025,-25.017813
351797652408554,-15.8640785,8.465025,-26.817812
351797672264681,-15.8640785,8.615025,-31.917814
351797692127593,-15.714077,9.515026,-37.31781
351797711983850,-15.264076,10.715025,-39.117813
351797731840105,-15.264076,11.765026,-41.96781
351797751696361,-15.264076,14.315025,-43.16781
351797771552618,-16.014076,16.565025,-43.767815
351797791408873,-16.764076,21.065025,-45.267815
351797811265635,-17.514076,27.365025,-43.767815
351797831121892,-19.014076,33.665028,-43.16781
351797850978147,-21.264076,36.065025,-42.117813
351797870834403,-25.014076,37.715027,-41.81781
351797890690660,-28.014076,39.515026,-40.767815
351797910548823,-33.714077,39.36503,-37.617813
351797930405079,-38.06408,38.915028,-31.317812
351797950261336,-40.164078,37.265026,-19.16781
351797970117591,-42.714077,36.665028,-17.367811
351797989982191,-42.714077,35.015026,-11.2178135
351798009838704,-42.11408,32.165028,-7.317812
351798029695087,-41.36408,25.265026,-2.3678112
351798049551599,-39.414078,15.215025,-0.1178112
351798069408112,-38.514076,13.865026,0.33218956
351798089264623,-36.414078,12.815025,0.33218956
351798109120684,-31.914078,12.215025,1.2321892
351798128977197,-28.464077,12.365026,0.93218803
351798148833580,-27.414078,12.365026,0.33218956
351798168690092,-27.264076,12.365026,0.032188416
351798188546605,-27.714077,12.365026,0.032188416
351798208407687,-27.714077,12.815025,0.032188416
351798228264199,-27.114079,13.715025,0.032188416
351798248120840,-27.114079,14.765026,0.33218956
351798267977479,-27.114079,14.315025,0.33218956
351798287843871,-26.664078,15.365026,0.33218956
351798307700640,-26.664078,15.515026,0.33218956
351798327557535,-26.664078,15.965025,0.032188416
351798347414431,-26.664078,16.115026,0.032188416
351798367271328,-26.664078,16.115026,0.032188416
351798387128095,-26.664078,17.165026,-0.1178112
351798406986015,-26.664078,17.315025,-0.1178112
351798426842912,-27.264076,18.515026,-0.1178112
351798446699807,-28.014076,18.815025,-0.1178112
351798466556703,-28.614079,18.365025,-0.1178112
351798486413600,-29.514076,18.515026,-0.1178112
351798506265959,-31.014076,18.365025,-0.1178112
351798526122727,-30.864079,18.365025,-0.1178112
351798545979496,-31.014076,18.215027,-0.26781082
351798565836391,-32.06408,18.065025,-0.26781082
351798585696665,-32.06408,17.615025,-0.26781082
351798605553434,-32.36408,17.015026,-0.56781197
351798625410329,-33.11408,16.565025,-1.317812
351798645267225,-33.264076,16.715025,-3.2678108
351798665123994,-33.86408,16.715025,-4.1678123
351798684980889,-34.31408,17.015026,-4.017811
351798704842381,-34.164078,17.165026,-4.017811
351798724699278,-34.014076,17.465027,-4.017811
351798744556173,-33.86408,18.665028,-4.017811
351798764413197,-33.86408,20.915028,-3.8678112
351798784270094,-33.414078,23.015026,-2.817812
351798804125075,-33.11408,22.565025,-1.317812
351798823981971,-31.614079,22.415028,0.48218918
351798843838868,-30.714077,22.415028,0.48218918
351798863695891,-31.464077,22.115025,0.6321888
351798883552787,-31.614079,22.115025,0.33218956
351798903409812,-31.614079,21.815025,0.032188416
351798923259254,-31.614079,21.065025,-0.1178112
351798943116022,-31.614079,19.415028,-0.1178112
351798962972919,-31.764076,18.215027,-0.26781082
351798982829686,-32.214077,16.265026,-0.56781197
351799002673532,-32.06408,12.365026,-0.56781197
351799022530173,-31.914078,11.165026,-0.56781197
351799042386684,-31.914078,9.515026,-0.26781082
351799062243324,-31.914078,6.3650246,-0.26781082
351799082099837,-31.614079,6.3650246,-0.1178112
351799101954428,-30.864079,6.0650253,0.33218956
351799121810940,-29.364079,5.3150253,0.48218918
351799141667453,-26.364079,5.015026,1.0821896
351799161523836,-26.514076,5.015026,3.182188
351799181380348,-26.664078,5.015026,2.7321892
351799201236861,-26.664078,5.015026,2.5821896
351799221091196,-26.664078,5.1650257,2.5821896
351799240947708,-27.114079,5.3150253,2.5821896
351799260804093,-27.714077,5.765026,2.5821896
351799280660476,-28.464077,6.6650257,1.9821892
351799300520031,-30.414078,6.515026,1.2321892
351799320376544,-29.664078,7.1150246,-0.56781197
351799340233055,-29.964077,7.1150246,0.032188416
351799360089567,-30.114079,6.8150253,0.032188416
351799379946080,-30.114079,6.8150253,0.33218956
351799399797561,-30.114079,6.8150253,0.33218956
351799419653945,-30.114079,6.8150253,0.33218956
351799439510330,-30.414078,6.8150253,0.33218956
351799459366585,-30.714077,6.8150253,0.032188416
351799479222969,-31.014076,6.6650257,0.032188416
351799499079354,-31.014076,6.515026,0.032188416
351799518935067,-30.714077,6.515026,0.032188416
351799538791323,-30.564075,6.215025,0.48218918
351799558647708,-30.414078,5.3150253,0.33218956
351799578503963,-30.414078,2.765026,0.33218956
351799598359707,-30.114079,2.765026,-0.1178112
351799618215964,-29.964077,2.765026,-0.56781197
351799638072219,-28.764076,2.015026,-1.1678123
351799657928603,-27.264076,1.1150255,-2.3678112
351799677784860,-26.214077,-0.08497524,-3.8678112
351799697644749,-25.464077,-0.83497524,-5.6678123
351799717501005,-25.764076,-0.98497486,-7.317812
351799737357390,-25.764076,-1.284975,-8.367811
351799757213645,-25.764076,-2.3349752,-8.067812
351799777069901,-25.614079,-3.3849754,-7.4678116
351799796926286,-25.614079,-2.9349747,-7.4678116
351799816785820,-25.614079,-2.6349754,-7.4678116
351799836642076,-25.614079,-2.6349754,-7.4678116
351799856498333,-25.614079,-2.6349754,-7.1678123
351799876354716,-25.614079,-2.6349754,-6.117811
351799896220139,-25.614079,-2.4849749,-6.117811
351799916076652,-25.614079,-2.1849747,-5.067812
351799935933163,-25.614079,-1.4349747,-5.517811
351799955789675,-25.614079,-2.1849747,-5.517811
351799975646188,-25.464077,-2.034975,-5.2178116
351799995502699,-25.314075,-1.8849745,-4.9178123
351800015297710,-25.314075,-1.8849745,-5.067812
351800035153071,-25.314075,-1.8849745,-5.067812
351800055008430,-25.014076,-1.4349747,-5.067812
351800074863662,-24.414078,-1.1349745,-5.067812
351800094719023,-24.264076,-0.98497486,-5.2178116
351800114586981,-24.114079,-1.284975,-5.517811
351800134442597,-23.964077,-0.6849747,-5.817812
351800154298086,-23.514076,-0.83497524,-5.817812
351800174153573,-22.464077,-0.83497524,-5.817812
351800194024956,-21.264076,-0.83497524,-6.117811
351800213880701,-21.714077,-0.83497524,-6.117811
351800233736572,-22.014076,-0.83497524,-5.817812
351800253592444,-22.014076,-0.83497524,-5.817812
351800273448189,-22.014076,-0.83497524,-5.817812
351800293304060,-22.164078,-0.83497524,-5.817812
351800313172727,-22.164078,-0.83497524,-5.817812
351800333028856,-22.164078,-0.83497524,-5.817812
351800352884985,-23.064075,-0.83497524,-5.817812
351800372741111,-22.464077,-0.6849747,-4.617811
351800392597240,-22.464077,0.96502495,-4.9178123
351800412471080,-22.464077,0.96502495,-5.2178116
351800432327592,-22.914078,0.96502495,-5.2178116
351800452184105,-22.614079,1.8650246,-5.2178116
351800472040616,-22.614079,2.015026,-5.2178116
351800491901023,-22.464077,2.3150253,-5.2178116
351800511757664,-22.464077,2.465025,-5.517811
351800531614175,-22.314075,2.465025,-5.6678123
351800551470688,-21.714077,2.465025,-5.6678123
351800571327201,-21.714077,3.0650253,-5.6678123
351800591183842,-21.114079,3.0650253,-5.6678123
351800611040811,-20.664078,3.0650253,-5.6678123
351800630897196,-20.364079,3.215025,-5.6678123
351800650753709,-20.064075,3.215025,-5.6678123
351800670610222,-19.914078,3.215025,-3.8678112
351800690466735,-20.064075,3.215025,-4.017811
351800710338674,-20.064075,4.265026,-2.9678116
351800730195435,-19.764076,4.715025,-3.2678108
351800750052332,-19.764076,4.4150257,-3.2678108
351800769909099,-19.764076,4.715025,-3.2678108
351800789765867,-19.764076,5.3150253,-3.2678108
351800809622764,-19.614079,5.3150253,-3.4178123
351800829486504,-19.614079,5.3150253,-4.017811
351800849343528,-19.314075,5.3150253,-4.017811
351800869200425,-19.164078,5.3150253,-4.9178123
351800889057448,-19.014076,5.465025,-4.9178123
351800908916203,-18.264076,6.215025,-4.4678116
351800928773356,-17.664078,6.215025,-4.4678116
351800948630381,-17.964077,6.3650246,-4.4678116
351800968487534,-17.964077,7.1150246,-4.4678116
351800988344687,-18.114079,8.315025,-4.4678116
351801008199092,-18.264076,9.515026,-4.4678116
351801028056116,-18.264076,9.665026,-4.1678123
351801047913269,-18.264076,8.765026,-3.4178123
351801067770420,-18.264076,8.615025,-3.4178123
351801087627444,-18.264076,8.765026,-3.2678108
351801107484597,-18.714077,8.915026,-2.9678116
351801127344582,-19.614079,9.065025,-2.9678116
351801147201862,-19.614079,9.065025,-2.817812
351801167059015,-20.364079,9.515026,-2.817812
351801186916296,-20.064075,9.665026,-1.7678108
351801206770187,-20.064075,9.965025,-1.7678108
351801226627340,-20.214077,9.815025,-1.6178112
351801246484621,-20.364079,10.415026,-0.26781082
351801266341774,-20.364079,10.115026,0.6321888
351801286198927,-20.814075,10.115026,0.33218956
351801306057488,-21.114079,10.115026,0.032188416
351801325914769,-21.114079,10.115026,0.032188416
351801345772178,-21.264076,10.115026,0.032188416
351801365629587,-21.114079,10.115026,0.032188416
351801385486868,-21.114079,10.115026,0.032188416
351801405344277,-21.414078,10.115026,0.032188416
351801425203288,-21.714077,10.415026,0.032188416
351801445060684,-21.864079,10.415026,0.032188416
351801464918221,-22.164078,10.415026,0.032188416
351801484775630,-22.014076,10.415026,0.032188416
351801504634677,-22.314075,10.415026,0.33218956
351801524492342,-22.914078,10.415026,-0.1178112
351801544350135,-22.914078,10.415026,0.032188416
351801564207800,-22.914078,10.415026,0.6321888
351801584065465,-22.914078,9.665026,0.6321888
351801603923130,-22.914078,9.665026,0.6321888
351801623739489,-22.914078,9.515026,0.6321888
351801643595874,-22.914078,9.065025,0.6321888
351801663452131,-22.914078,8.315025,0.6321888
351801683308516,-22.914078,8.765026,0.6321888
351801703164901,-22.914078,8.465025,0.48218918
351801723026784,-23.364079,7.715025,0.33218956
351801742883154,-24.114079,7.715025,0.032188416
351801762739539,-24.264076,7.715025,0.032188416
351801782596050,-24.264076,7.715025,-0.7178116
351801802448583,-25.464077,7.715025,-0.7178116
351801822304968,-25.614079,7.1150246,-0.7178116
351801842158651,-25.614079,6.0650253,-0.7178116
351801862014907,-25.614079,5.1650257,-0.7178116
351801881871292,-25.614079,4.715025,-0.7178116
351801901727547,-25.614079,4.1150246,-0.7178116
351801921584004,-25.614079,3.965025,-0.7178116
351801941440261,-25.614079,3.515026,-1.0178108
351801961296518,-25.464077,3.6650257,-1.0178108
351801981152900,-25.464077,3.6650257,-1.0178108
351802001009157,-25.464077,3.515026,-1.0178108
351802020872318,-25.464077,3.515026,-1.1678123
351802040728702,-25.464077,3.515026,-1.6178112
351802060585215,-25.464077,3.515026,-2.2178116
351802080441726,-25.464077,3.515026,-2.3678112
351802100302554,-25.614079,3.515026,-2.817812
351802120159067,-26.514076,3.515026,-3.4178123
351802140015706,-26.514076,3.3650246,-5.2178116
351802159872218,-26.514076,3.0650253,-5.2178116
351802179728731,-26.514076,2.9150257,-5.517811
351802199585244,-26.514076,0.21502495,-5.517811
351802219443451,-26.514076,0.21502495,-5.517811
351802239299964,-26.514076,0.36502552,-5.517811
351802259156477,-26.514076,0.36502552,-5.517811
351802279012990,-26.514076,0.36502552,-5.517811
351802298869503,-26.364079,0.36502552,-5.517811
351802318732040,-26.364079,0.36502552,-5.517811
351802338588681,-26.364079,0.36502552,-5.517811
351802358445450,-26.364079,0.36502552,-5.517811
351802378302219,-26.364079,0.36502552,-5.517811
351802398161396,-26.214077,0.36502552,-5.6678123
351802418018165,-26.364079,0.21502495,-5.6678123
351802437875062,-26.514076,0.21502495,-6.867811
351802457731818,-26.514076,-0.83497524,-7.1678123
351802477588715,-26.514076,-0.83497524,-7.767811
351802497445612,-26.514076,-0.83497524,-7.767811
351802517299375,-26.514076,-0.83497524,-7.9178123
351802537156144,-26.514076,-0.83497524,-7.767811
351802557012913,-26.514076,-0.83497524,-7.767811
351802576869682,-26.514076,-0.83497524,-7.767811
351802596726451,-26.364079,-0.83497524,-7.767811
351802616580610,-26.214077,-0.83497524,-7.317812
351802636437379,-26.214077,-0.83497524,-6.867811
351802656294148,-26.064075,-0.83497524,-7.1678123
351802676150789,-26.064075,-0.83497524,-7.1678123
351802696007558,-26.064075,-0.83497524,-7.317812
351802715864327,-26.064075,-0.98497486,-7.317812
351802735724510,-25.614079,-0.98497486,-7.317812
351802755581266,-25.614079,-1.1349745,-7.317812
351802775438163,-25.614079,-0.98497486,-7.317812
351802795294930,-25.614079,-0.98497486,-7.317812
351802815154289,-25.614079,-0.98497486,-7.317812
351802835011186,-25.614079,-0.83497524,-7.317812
351802854868081,-25.614079,-0.83497524,-7.1678123
351802874724849,-25.614079,-0.83497524,-7.1678123
351802894581746,-25.464077,-0.83497524,-6.867811
351802914434132,-25.314075,-0.83497524,-6.867811
351802934290901,-25.164078,-0.83497524,-6.267811
351802954147670,-24.264076,-0.83497524,-5.6678123
351802974004436,-23.664078,-1.284975,-5.517811
351802993861204,-24.114079,-1.284975,-5.517811
351803013717973,-23.664078,-1.4349747,-5.517811
351803033562989,-23.364079,-1.5849752,-5.517811
351803053419629,-23.514076,-1.5849752,-5.517811
351803073276142,-23.514076,-1.5849752,-5.517811
351803093132781,-23.514076,-1.5849752,-5.517811
351803112989308,-23.514076,-1.5849752,-5.517811
351803132845949,-23.514076,-1.5849752,-5.2178116
351803152702460,-23.514076,-1.5849752,-5.2178116
351803172558973,-23.514076,-1.8849745,-5.2178116
351803192415614,-23.514076,-2.034975,-5.2178116
351803212268611,-23.514076,-2.034975,-5.067812
351803232124996,-23.514076,-2.1849747,-4.617811
351803251981381,-23.214077,-2.1849747,-3.8678112
351803271837766,-22.914078,-2.1849747,-2.817812
351803291694279,-22.914078,-2.1849747,-3.4178123
351803311550664,-22.614079,-2.1849747,-2.9678116
351803331405639,-22.614079,-2.1849747,-3.4178123
351803351262152,-22.614079,-2.1849747,-3.567812
351803371118537,-22.614079,-2.1849747,-3.567812
351803390974922,-22.614079,-2.1849747,-3.567812
351803410827247,-22.614079,-2.1849747,-4.017811
351803430683504,-22.614079,-2.3349752,-4.4678116
351803450539748,-22.614079,-2.3349752,-5.067812
351803470396005,-22.464077,-2.3349752,-5.2178116
351803490252262,-22.464077,-2.3349752,-5.067812
351803510108519,-22.464077,-2.3349752,-4.9178123
351803529958408,-22.464077,-2.3349752,-4.9178123
351803549814537,-22.464077,-2.3349752,-4.9178123
351803569670538,-22.614079,-2.3349752,-4.9178123
351803589526667,-23.064075,-2.3349752,-5.067812
351803609382796,-23.664078,-2.3349752,-5.2178116
351803629240521,-25.464077,-2.3349752,-5.517811
351803649096650,-25.614079,-2.4849749,-5.817812
351803668952779,-26.214077,-2.4849749,-6.867811
351803688808908,-28.464077,-2.4849749,-6.867811
351803708669365,-27.414078,-2.6349754,-7.1678123
351803728525622,-27.114079,-2.6349754,-8.817812
351803748381865,-27.114079,-3.2349749,-10.617811
351803768237993,-27.114079,-3.0849752,-10.317812
351803788094250,-27.114079,-3.0849752,-10.317812
351803807950505,-27.264076,-3.0849752,-10.317812
351803827805957,-27.264076,-3.0849752,-10.317812
351803847662086,-27.264076,-3.0849752,-10.16781
351803867515730,-27.264076,-3.0849752,-9.7178135
351803887371858,-27.264076,-3.0849752,-9.41781
351803907228115,-27.264076,-3.0849752,-10.16781
351803927093423,-27.264076,-2.9349747,-9.7178135
351803946949807,-27.264076,-2.9349747,-9.7178135
351803966806192,-26.664078,-2.9349747,-9.7178135
351803986662575,-26.514076,-2.9349747,-9.7178135
351804006519112,-26.364079,-2.1849747,-9.7178135
351804026375497,-26.364079,-2.1849747,-9.7178135
351804046231880,-25.764076,-0.23497486,-9.7178135
351804066088264,-25.014076,-0.98497486,-9.7178135
351804085944649,-24.564075,-0.6849747,-10.017813
351804105801032,-23.664078,-0.23497486,-10.16781
351804125662695,-22.914078,-0.23497486,-10.317812
351804145519208,-23.064075,-0.23497486,-10.317812
351804165375721,-22.314075,-0.23497486,-10.767813
351804185232106,-21.864079,0.06502533,-10.767813
351804205088619,-21.264076,0.21502495,-10.617811
351804224949756,-21.264076,0.36502552,-10.617811
351804244806397,-20.814075,1.2650251,-10.617811
351804264662910,-19.764076,2.015026,-10.617811
351804284519423,-19.614079,4.715025,-10.16781
351804304381158,-18.264076,4.715025,-9.567812
351804324237927,-19.164078,4.715025,-9.567812
351804344094696,-19.014076,5.1650257,-9.117811
351804363951337,-18.564075,5.765026,-9.117811
351804383808106,-18.564075,6.3650246,-9.41781
351804403664747,-18.564075,7.265026,-9.41781
351804423528779,-18.564075,7.715025,-9.41781
351804443385676,-18.564075,7.8650246,-9.41781
351804463242699,-18.564075,8.765026,-9.41781
351804483099595,-18.564075,9.965025,-9.41781
351804502956620,-18.714077,11.165026,-9.41781
351804522811040,-19.614079,11.915026,-9.117811
351804542667936,-19.014076,11.765026,-8.817812
351804562524961,-19.014076,11.915026,-7.767811
351804582381856,-19.014076,11.915026,-7.317812
351804602238880,-19.014076,12.065025,-7.767811
351804622095777,-19.014076,12.065025,-7.4678116
351804641948942,-19.014076,12.215025,-6.867811
351804661805838,-19.014076,12.665026,-6.867811
351804681662607,-19.014076,12.815025,-6.867811
351804701519502,-19.164078,13.865026,-7.1678123
351804721376107,-19.764076,13.715025,-7.1678123
351804741233004,-20.814075,14.015026,-7.1678123
351804761089899,-22.014076,14.465025,-7.1678123
351804780946667,-22.914078,15.365026,-7.1678123
351804800803564,-23.664078,15.065025,-7.1678123
351804820659984,-24.114079,15.065025,-7.1678123
351804840516880,-23.964077,15.065025,-7.1678123
351804860373777,-23.664078,15.065025,-6.867811
351804880230672,-23.664078,15.065025,-6.867811
351804900087440,-23.664078,15.065025,-6.867811
351804919944337,-23.664078,15.065025,-5.2178116
351804939789999,-23.664078,15.065025,-4.1678123
351804959646639,-23.664078,15.065025,-4.1678123
351804979503408,-23.964077,15.065025,-4.017811
351804999360049,-24.114079,15.065025,-3.4178123
351805019207018,-24.714077,15.065025,-3.567812
351805039063531,-25.014076,15.065025,-3.567812
351805058920040,-27.114079,15.065025,-3.567812
351805078776424,-26.814075,15.065025,-3.567812
351805098632937,-27.114079,15.065025,-3.567812
351805118486673,-27.114079,14.765026,-4.017811
351805138342929,-27.564075,14.465025,-5.067812
351805158199314,-27.564075,12.365026,-3.8678112
351805178055697,-28.914078,12.815025,-3.2678108
351805197912082,-28.914078,12.665026,-3.4178123
351805217768339,-28.914078,12.665026,-3.4178123
351805237623858,-28.914078,12.665026,-3.4178123
351805257480243,-28.914078,12.215025,-3.4178123
351805277336500,-28.914078,11.615026,-2.9678116
351805297192752,-28.914078,11.465025,-1.7678108
351805317042130,-29.064075,10.865026,-1.6178112
351805336898259,-29.364079,9.965025,-1.6178112
351805356754386,-29.514076,9.065025,-1.1678123
351805376610514,-29.964077,8.465025,-0.7178116
351805396466643,-30.414078,7.1150246,-0.26781082
351805416322770,-32.214077,6.515026,-0.56781197
351805436169292,-32.06408,6.3650246,-0.1178112
351805456025165,-31.914078,5.765026,0.032188416
351805475881036,-31.764076,5.6150246,0.48218918
351805495736909,-31.764076,4.265026,1.9821892
351805515592782,-31.614079,3.965025,2.1321888
351805535452055,-31.164078,4.1150246,2.5821896
351805555307928,-30.864079,3.515026,2.5821896
351805575163929,-31.164078,3.0650253,2.8821888
351805595019930,-30.564075,2.465025,3.932188
351805614874456,-30.414078,2.465025,5.432188
351805634730329,-30.414078,2.3150253,5.5821896
351805654586200,-30.414078,1.8650246,4.982189
351805674442072,-30.414078,1.8650246,4.8321896
351805694297817,-30.414078,1.2650251,4.8321896
351805714153688,-30.414078,1.2650251,4.8321896
351805734014900,-30.414078,1.2650251,4.8321896
351805753870901,-30.414078,1.2650251,4.8321896
351805773726772,-30.414078,1.2650251,4.8321896
351805793582772,-30.414078,1.1150255,4.8321896
351805813438645,-30.414078,0.96502495,4.8321896
351805833298961,-30.414078,0.96502495,4.8321896
351805853152326,-30.414078,0.96502495,5.432188
351805873008327,-30.414078,0.96502495,5.432188
351805892864328,-30.414078,0.96502495,5.5821896
351805912731239,-30.414078,0.96502495,5.5821896
351805932587368,-29.814075,0.96502495,5.5821896
351805952443625,-29.664078,0.96502495,5.5821896
351805972299877,-29.364079,0.96502495,5.5821896
351805992156134,-28.764076,0.8150253,5.882189
351806012012389,-27.414078,0.8150253,6.182188
351806031868224,-28.614079,1.1150255,6.7821884
351806051724609,-28.614079,0.8150253,7.0821896
351806071580864,-27.564075,0.8150253,7.0821896
351806091437120,-27.714077,0.8150253,6.7821884
351806111293377,-27.564075,0.8150253,6.7821884
351806131156295,-27.414078,0.8150253,7.0821896
351806151012680,-27.414078,0.8150253,7.232189
351806170869065,-27.264076,0.8150253,7.232189
351806190725578,-26.814075,0.8150253,7.232189
351806210581963,-26.814075,0.8150253,7.232189
351806230438348,-26.514076,0.8150253,6.7821884
351806250300312,-26.064075,0.8150253,6.632189
351806270156952,-25.764076,0.8150253,6.482189
351806290013465,-25.464077,0.8150253,6.182188
351806309870104,-25.164078,0.96502495,4.232189
351806329726532,-24.264076,1.1150255,4.982189
351806349583173,-24.564075,1.1150255,4.5321884
351806369439812,-24.264076,2.1650257,4.8321896
351806389296324,-23.664078,2.465025,4.8321896
351806409152965,-23.664078,2.3150253,4.8321896
351806429019367,-23.064075,2.765026,4.8321896
351806448876263,-22.914078,2.765026,4.8321896
351806468733160,-22.914078,3.0650253,4.982189
351806488589929,-22.914078,3.0650253,4.8321896
351806508446826,-21.414078,3.3650246,4.982189
351806528303723,-21.414078,4.265026,4.982189
351806548158416,-20.814075,4.265026,5.132189
351806568015179,-21.264076,4.715025,5.132189
351806587872076,-21.264076,6.0650253,5.132189
351806607728843,-21.264076,5.3150253,4.982189
351806627585192,-20.964077,5.465025,4.232189
351806647441961,-20.964077,7.1150246,3.6321888
351806667298728,-20.964077,7.1150246,3.932188
351806687155624,-20.964077,7.4150257,3.7821884
351806707012393,-20.964077,7.5650253,3.6321888
351806726875359,-20.964077,7.715025,3.7821884
351806746732383,-20.964077,7.5650253,3.7821884
351806766589280,-20.964077,7.715025,3.7821884
351806786446303,-20.964077,8.465025,3.7821884
351806806303199,-20.964077,9.965025,3.7821884
351806826160224,-20.964077,9.965025,3.182188
351806846016205,-20.964077,10.115026,3.182188
351806865873101,-20.964077,10.415026,2.8821888
351806885730126,-20.964077,10.715025,2.8821888
351806905587149,-20.964077,10.715025,2.8821888
351806925438739,-21.114079,10.865026,2.8821888
351806945295636,-22.314075,10.865026,2.8821888
351806965152531,-22.614079,11.765026,2.8821888
351806985009427,-23.214077,12.065025,2.8821888
351807004866324,-23.514076,12.065025,2.8821888
351807024711604,-23.964077,12.065025,2.8821888
351807044568244,-24.414078,12.065025,2.7321892
351807064424885,-24.564075,12.065025,2.2821884
351807084281524,-25.014076,12.065025,1.682188
351807104138164,-25.014076,12.065025,0.6321888
351807123994677,-25.164078,11.915026,0.93218803
351807143848043,-25.314075,11.915026,0.93218803
351807163704555,-25.464077,11.915026,0.48218918
351807183561068,-25.764076,11.915026,0.48218918
351807203417579,-26.214077,11.915026,0.48218918
351807223269544,-26.664078,11.765026,0.032188416
351807243125929,-27.264076,11.765026,-0.1178112
351807262982314,-27.564075,11.765026,-0.1178112
351807282838696,-27.864079,11.615026,-0.1178112
351807302695081,-29.514076,11.615026,-0.56781197
351807322551592,-29.514076,11.615026,-0.56781197
351807342400558,-29.814075,11.615026,-0.7178116
351807362256815,-29.964077,11.615026,-0.7178116
351807382113070,-30.564075,11.615026,-0.7178116
351807401969326,-30.564075,11.615026,-0.7178116
351807421825583,-30.564075,11.465025,-0.7178116
351807441681096,-30.714077,11.165026,-0.7178116
351807461537353,-30.714077,10.865026,-0.7178116
351807481393482,-30.714077,10.415026,-0.7178116
351807501249739,-30.714077,9.515026,-0.7178116
351807521099996,-30.714077,7.715025,-0.7178116
351807540956125,-30.714077,7.715025,-0.7178116
351807560812254,-30.714077,7.5650253,-0.7178116
351807580668383,-31.014076,7.4150257,-1.0178108
351807600524512,-31.014076,7.5650253,-1.317812
351807620380513,-31.014076,7.4150257,-1.317812
351807640236814,-31.164078,7.4150257,-1.9178123
351807660092815,-31.464077,7.265026,-3.2678108
351807679948816,-32.06408,6.8150253,-2.6678123
351807699804817,-32.214077,6.0650253,-2.6678123
351807719660818,-32.214077,6.0650253,-2.6678123
351807739521446,-32.36408,6.0650253,-2.6678123
351807759377446,-32.664078,5.465025,-2.6678123
351807779233575,-33.264076,4.1150246,-2.817812
351807799089702,-33.11408,4.1150246,-2.817812
351807818948095,-33.264076,3.965025,-2.6678123
351807838804224,-33.264076,3.515026,-2.817812
351807858660351,-33.264076,3.0650253,-2.817812
351807878516479,-33.264076,2.765026,-2.817812
351807898372608,-33.11408,1.715025,-2.817812
351807918228735,-32.964077,1.4150257,-2.9678116
351807938082425,-32.214077,0.8150253,-2.9678116
351807957938554,-31.764076,-1.1349745,-2.9678116
351807977790471,-30.864079,-0.6849747,-2.9678116
351807997646472,-30.864079,-0.6849747,-3.2678108
351808017502473,-28.914078,-1.284975,-3.2678108
351808037356532,-28.914078,-1.4349747,-3.2678108
351808057212533,-28.914078,-1.4349747,-3.2678108
351808077068534,-28.914078,-1.8849745,-3.2678108
351808096924529,-28.914078,-2.1849747,-3.567812
351808116780657,-28.914078,-2.6349754,-4.017811
351808136636658,-28.914078,-3.6849747,-4.617811
351808156499973,-28.914078,-5.9349747,-5.517811
351808176356101,-28.764076,-5.9349747,-6.7178116
351808196212230,-28.314075,-5.9349747,-6.7178116
351808216068357,-26.814075,-5.9349747,-6.7178116
351808235928770,-26.664078,-5.9349747,-6.867811
351808255785027,-26.064075,-5.9349747,-6.867811
351808275641282,-25.164078,-5.9349747,-7.1678123
351808295497538,-24.264076,-5.9349747,-7.317812
351808315353795,-23.364079,-5.9349747,-7.4678116
351808335212700,-22.914078,-6.234975,-7.9178123
351808355069084,-21.414078,-6.684975,-9.117811
351808374925469,-21.864079,-7.284975,-9.7178135
351808394781724,-22.014076,-7.7349753,-9.7178135
351808414638108,-22.014076,-8.484976,-10.317812
351808434494493,-22.014076,-8.634975,-10.617811
351808454347938,-21.864079,-8.484976,-11.2178135
351808474204194,-21.864079,-8.484976,-11.66781
351808494060579,-21.864079,-8.484976,-12.567812
351808513916962,-21.864079,-8.484976,-13.017813
351808533775572,-21.864079,-8.634975,-13.91781
351808553631957,-21.714077,-8.934975,-14.517813
351808573488340,-21.714077,-8.934975,-14.517813
351808593344725,-21.714077,-9.384975,-14.66781
351808613201110,-21.414078,-9.534975,-14.66781
351808633058439,-21.114079,-10.134975,-15.117811
351808652914824,-20.664078,-10.134975,-15.267813
351808672771209,-19.314075,-9.684975,-16.317812
351808692627594,-20.064075,-9.684975,-16.767813
351808712484101,-20.214077,-9.684975,-16.767813
351808732340486,-20.364079,-9.384975,-17.517813
351808752203410,-20.364079,-8.784975,-17.517813
351808772059922,-20.364079,-7.5849752,-17.517813
351808791916563,-20.664078,-5.9349747,-17.817812
351808811773074,-20.664078,-5.034975,-17.817812
351808831629680,-20.814075,-5.484975,-17.817812
351808851486321,-20.814075,-5.484975,-17.967813
351808871342832,-20.814075,-4.734975,-18.117811
351808891199472,-20.814075,-4.4349747,-18.117811
351808911055985,-20.814075,-3.9849749,-18.117811
351808930912624,-20.814075,-2.9349747,-18.117811
351808950755044,-20.814075,-2.1849747,-18.117811
351808970611301,-20.814075,-2.3349752,-18.117811
351808990467556,-20.814075,-0.83497524,-18.117811
351809010323812,-20.814075,-0.08497524,-18.117811
351809030180197,-20.814075,0.06502533,-17.967813
351809050034625,-21.264076,0.36502552,-17.817812
351809069890881,-21.264076,1.715025,-17.817812
351809089747138,-22.164078,2.015026,-17.367811
351809109603393,-23.064075,2.9150257,-17.367811
351809129450720,-23.664078,2.465025,-16.767813
351809149306721,-23.964077,2.765026,-16.767813
351809169162720,-24.264076,3.0650253,-16.91781
351809189018720,-24.264076,3.515026,-16.91781
351809208874721,-24.414078,4.1150246,-16.767813
351809228730720,-24.414078,4.5650253,-16.767813
351809248585404,-24.564075,4.5650253,-16.767813
351809268441405,-25.014076,4.5650253,-16.467813
351809288297276,-25.464077,5.6150246,-16.467813
351809308153276,-26.064075,6.0650253,-16.317812
351809328009277,-26.064075,5.765026,-16.317812
351809347866862,-26.064075,6.0650253,-16.317812
351809367722863,-26.064075,6.0650253,-16.767813
351809387578864,-26.064075,6.0650253,-16.317812
351809407434865,-26.364079,6.515026,-16.467813
351809427291823,-26.364079,6.515026,-16.467813
351809447147952,-26.814075,6.8150253,-16.317812
351809467003951,-27.264076,7.265026,-16.467813
351809486859951,-27.414078,7.265026,-16.467813
351809506715952,-27.114079,7.4150257,-16.467813
351809526572079,-27.414078,8.315025,-16.467813
351809546425361,-27.414078,8.465025,-16.91781
351809566281234,-27.714077,8.765026,-17.217813
351809586137233,-27.714077,8.465025,-17.817812
351809605993233,-27.864079,8.915026,-17.217813
351809625849106,-27.864079,9.665026,-17.217813
351809645706327,-27.864079,9.665026,-17.517813
351809665562200,-27.864079,9.815025,-17.517813
351809685418073,-28.014076,9.815025,-17.817812
351809705273946,-28.764076,9.965025,-17.967813
351809725098596,-29.514076,10.115026,-18.117811
351809744953957,-30.114079,11.165026,-18.567812
351809764809316,-32.36408,11.915026,-18.867811
351809784664676,-31.614079,12.665026,-20.067812
351809804519909,-31.614079,13.265026,-19.467813
351809824375268,-31.614079,14.015026,-19.617811
351809844242904,-31.614079,14.015026,-20.067812
351809864098393,-31.614079,13.865026,-20.067812
351809883954008,-31.764076,14.165026,-20.067812
351809903809496,-31.914078,14.915026,-20.067812
351809923665113,-31.914078,14.765026,-20.067812
351809943531212,-32.06408,14.765026,-20.067812
351809963386956,-32.36408,14.765026,-20.067812
351809983242573,-32.81408,14.765026,-20.067812
351810003098316,-33.714077,14.765026,-19.767813
351810022954060,-35.36408,14.765026,-19.767813
351810042809677,-36.11408,14.765026,-19.767813
351810062669260,-35.964077,14.915026,-19.617811
351810082522788,-36.264076,15.065025,-19.16781
351810102378405,-36.264076,15.965025,-18.867811
351810122234148,-36.264076,17.015026,-19.017813
351810142099396,-36.264076,16.415026,-19.017813
351810161955269,-36.264076,16.715025,-18.567812
351810181811140,-36.264076,16.715025,-17.517813
351810201667140,-36.414078,16.715025,-17.517813
351810221523013,-36.56408,16.715025,-17.217813
351810241391902,-37.014076,16.715025,-17.217813
351810261248030,-38.06408,16.715025,-16.91781
351810281104287,-38.514076,16.715025,-16.467813
351810300960414,-38.514076,16.565025,-16.317812
351810320816670,-38.664078,16.415026,-16.317812
351810340672799,-38.514076,16.265026,-16.16781
351810360532815,-38.514076,16.115026,-14.9678135
351810380389199,-38.514076,16.115026,-14.9678135
351810400245584,-38.514076,15.365026,-14.2178135
351810420101969,-38.514076,14.915026,-14.067812
351810439968924,-38.06408,14.765026,-13.617811
351810459825565,-37.764076,14.015026,-12.567812
351810479682206,-37.31408,14.015026,-12.867811
351810499538847,-36.414078,13.715025,-13.017813
351810519395488,-36.264076,13.415026,-12.867811
351810539249725,-35.964077,12.815025,-12.867811
351810559106366,-35.214077,12.815025,-12.867811
351810578962879,-34.464077,11.915026,-12.867811
351810598819520,-33.414078,11.915026,-12.867811
351810618676033,-33.714077,11.615026,-12.867811
351810638532674,-33.414078,11.015026,-12.41781
351810658399031,-33.414078,10.565025,-12.41781
351810678255787,-33.414078,9.665026,-11.2178135
351810698112556,-33.414078,9.515026,-11.2178135
351810717969453,-33.414078,8.915026,-11.2178135
351810737831973,-33.414078,8.465025,-11.2178135
351810757688998,-33.264076,7.715025,-11.2178135
351810777545893,-33.264076,6.215025,-11.2178135
351810797402789,-33.264076,5.3150253,-11.2178135
351810817259814,-32.36408,5.465025,-11.2178135
351810837116709,-32.36408,5.765026,-11.66781
351810856974867,-31.614079,5.3150253,-11.367811
351810876831892,-31.464077,5.3150253,-11.367811
351810896688915,-30.714077,5.1650257,-11.367811
351810916545939,-30.864079,4.4150257,-11.367811
351810936402964,-30.864079,3.515026,-11.2178135
351810956248217,-30.714077,3.3650246,-11.067812
351810976105114,-30.714077,2.015026,-11.067812
351810995962011,-30.714077,0.36502552,-11.817812
351811015818780,-30.714077,-1.4349747,-11.2178135
351811035671995,-30.564075,-1.4349747,-11.2178135
351811055528892,-30.564075,-1.4349747,-11.66781
351811075385661,-30.114079,-1.5849752,-11.817812
351811095242551,-30.114079,-2.1849747,-11.817812
351811115099448,-29.664078,-2.1849747,-11.9678135
351811134956215,-29.964077,-2.9349747,-12.267813
351811154809643,-29.964077,-3.0849752,-12.41781
351811174666412,-30.114079,-3.3849754,-13.017813
351811194523307,-30.114079,-4.5849752,-14.9678135
351811214380075,-30.114079,-6.3849754,-14.517813
351811234236844,-30.114079,-6.234975,-14.517813
351811254092241,-30.114079,-6.8349752,-14.66781
351811273949138,-30.114079,-6.8349752,-14.66781
351811293805907,-29.964077,-6.8349752,-14.66781
351811313662804,-29.814075,-6.8349752,-14.66781
351811333497527,-29.364079,-6.8349752,-14.66781
351811353353656,-28.764076,-6.9849753,-14.66781
351811373209657,-27.414078,-6.9849753,-14.9678135
351811393065786,-27.564075,-6.9849753,-15.267813
351811412921915,-27.114079,-6.9849753,-15.567812
351811432777916,-26.364079,-6.9849753,-15.567812
351811452634679,-26.514076,-6.9849753,-16.16781
351811472490808,-26.214077,-6.9849753,-17.367811
351811492346937,-26.214077,-6.534975,-17.217813
351811512202924,-26.214077,-5.484975,-16.91781
351811532059053,-26.214077,-3.6849747,-16.767813
351811551909056,-25.614079,-2.3349752,-16.767813
351811571765057,-25.164078,-1.8849745,-16.767813
351811591621058,-24.714077,-1.4349747,-16.317812
351811611477059,-24.414078,-0.38497448,-16.16781
351811631332932,-23.514076,-0.23497486,-14.66781
351811651188933,-22.464077,-0.23497486,-14.517813
351811671042344,-22.464077,-0.23497486,-14.66781
351811690898217,-22.314075,0.66502476,-14.9678135
351811710754090,-21.114079,1.2650251,-14.66781
351811730609963,-20.964077,2.1650257,-14.66781
351811750458797,-21.864079,2.765026,-14.067812
351811770314414,-22.164078,2.9150257,-13.91781
351811790170157,-22.164078,3.215025,-13.91781
351811810025901,-22.164078,4.1150246,-13.91781
351811829881646,-22.164078,5.465025,-12.867811
351811849746148,-22.164078,6.3650246,-10.16781
351811869602020,-22.164078,6.3650246,-10.16781
351811889457893,-22.164078,6.3650246,-10.317812
351811909313892,-22.164078,6.3650246,-10.317812
351811929169764,-22.014076,6.3650246,-10.317812
351811949025637,-21.864079,6.3650246,-10.317812
351811968884751,-21.714077,6.3650246,-10.317812
351811988740623,-21.264076,6.3650246,-10.317812
351812008596496,-21.114079,6.3650246,-10.317812
351812028452367,-20.364079,6.515026,-10.16781
351812048312690,-20.964077,6.6650257,-9.41781
351812068168691,-21.114079,7.265026,-8.367811
351812088024690,-21.114079,8.315025,-7.4678116
351812107880690,-21.114079,8.615025,-7.4678116
351812127736563,-21.114079,9.065025,-5.6678123
351812147593542,-21.114079,10.415026,-6.7178116
351812167449542,-21.114079,9.965025,-6.267811
351812187305415,-21.114079,10.415026,-6.117811
351812207161416,-21.114079,10.565025,-6.117811
351812227017417,-20.964077,10.565025,-5.6678123
351812246873290,-20.664078,10.715025,-5.517811
351812266733223,-20.064075,10.715025,-5.517811
351812286589352,-19.914078,10.715025,-5.517811
351812306445481,-17.064075,11.015026,-5.517811
351812326301610,-17.664078,11.615026,-5.517811
351812346165369,-17.814075,12.365026,-5.517811
351812366021626,-17.814075,12.665026,-5.2178116
351812385878011,-17.814075,12.965025,-4.4678116
351812405734396,-17.814075,13.415026,-4.4678116
351812425590653,-17.814075,14.765026,-4.4678116
351812445458910,-17.814075,14.765026,-4.4678116
351812465315538,-17.814075,15.065025,-4.4678116
351812485172179,-17.814075,14.915026,-4.4678116
351812505028820,-17.814075,15.065025,-4.9178123
351812524885461,-17.814075,15.215025,-5.817812
351812544742102,-17.814075,15.515026,-8.9678135
351812564591089,-17.814075,15.815025,-7.9178123
351812584447474,-17.814075,15.965025,-7.4678116
351812604303987,-17.814075,16.715025,-7.4678116
351812624160372,-17.814075,17.465027,-7.4678116
351812644021693,-17.964077,18.215027,-7.4678116
351812663878334,-18.114079,18.515026,-7.4678116
351812683734847,-18.564075,18.365025,-7.4678116
351812703591360,-19.764076,18.365025,-7.767811
351812723448001,-20.064075,18.515026,-8.517813
351812743304514,-20.214077,18.515026,-10.017813
351812763155308,-20.814075,18.665028,-11.067812
351812783011693,-22.464077,18.815025,-11.2178135
351812802868204,-22.164078,19.115025,-13.617811
351812822724716,-22.614079,19.115025,-13.317812
351812842581229,-22.914078,19.265026,-13.617811
351812862437832,-23.514076,19.265026,-13.91781
351812882294344,-23.364079,19.265026,-13.91781
351812902150857,-23.364079,18.665028,-13.91781
351812922007368,-23.364079,18.665028,-13.91781
351812941862760,-23.364079,18.665028,-13.91781
351812961719273,-23.514076,18.665028,-13.91781
351812981575786,-23.514076,18.515026,-14.067812
351813001432168,-23.514076,18.215027,-14.517813
351813021288681,-23.664078,17.765026,-14.517813
351813041145192,-24.114079,17.015026,-16.16781
351813060995207,-25.014076,16.265026,-15.867811
351813080851592,-25.014076,15.515026,-15.867811
351813100707975,-24.714077,14.915026,-15.867811
351813120564359,-24.714077,13.715025,-15.867811
351813140420872,-24.714077,13.265026,-15.867811
351813160276110,-24.714077,13.415026,-15.867811
351813180132495,-24.714077,13.115026,-15.867811
351813199988752,-24.714077,12.215025,-16.16781
351813219845137,-24.564075,11.015026,-16.317812
351813239696828,-24.564075,10.565025,-16.317812
351813259553085,-24.564075,9.815025,-16.317812
351813279409342,-24.564075,9.665026,-16.317812
351813299265471,-24.564075,8.615025,-16.317812
351813319121728,-24.564075,5.465025,-16.317812
351813338977985,-24.564075,4.4150257,-16.317812
351813358827854,-24.564075,4.4150257,-16.317812
351813378683855,-24.564075,4.4150257,-16.317812
351813398539856,-24.414078,4.1150246,-16.317812
351813418395857,-24.264076,3.515026,-16.317812
351813438251858,-23.964077,3.0650253,-16.317812
351813458110745,-23.364079,2.465025,-16.317812
351813477966746,-23.364079,2.1650257,-16.317812
351813497822747,-23.364079,1.4150257,-16.317812
351813517678876,-22.614079,0.36502552,-16.16781
351813537530555,-21.114079,-1.1349745,-16.16781
351813557386556,-20.664078,-2.034975,-16.16781
351813577242557,-21.264076,-2.3349752,-16.16781
351813597098558,-21.264076,-3.2349749,-16.16781
351813616954559,-21.264076,-4.284975,-16.16781
351813636810432,-21.114079,-4.734975,-15.7178135
351813656669175,-21.114079,-4.284975,-15.267813
351813676525176,-21.114079,-4.4349747,-14.9678135
351813696381177,-21.114079,-4.4349747,-14.9678135
351813716237178,-21.114079,-4.4349747,-13.617811
351813736093179,-21.114079,-4.4349747,-13.91781
351813755947094,-21.114079,-4.4349747,-13.91781
351813775803095,-21.114079,-4.4349747,-13.91781
351813795658968,-21.114079,-4.4349747,-13.91781
351813815514966,-21.264076,-4.4349747,-13.91781
351813835370966,-22.914078,-4.4349747,-13.91781
351813855226967,-22.914078,-4.4349747,-13.91781
351813875080633,-22.914078,-4.284975,-14.517813
351813894936505,-23.064075,-4.4349747,-14.517813
351813914792378,-23.064075,-4.4349747,-14.66781
351813934648249,-23.064075,-4.4349747,-14.66781
351813954507218,-23.214077,-4.4349747,-14.66781
351813974363091,-23.214077,-4.284975,-14.66781
351813994219090,-23.214077,-4.284975,-14.66781
351814014074962,-23.364079,-4.284975,-14.66781
351814033930835,-23.514076,-4.284975,-14.66781
351814053787115,-23.964077,-4.1349754,-14.66781
351814073643115,-24.414078,-3.3849754,-14.66781
351814093499116,-25.014076,-2.9349747,-14.66781
351814113355115,-26.064075,-2.1849747,-15.117811
351814133207569,-25.164078,-2.1849747,-15.267813
351814153063570,-25.164078,-2.1849747,-15.7178135
351814172919918,-25.164078,-2.1849747,-14.9678135
351814192775918,-25.614079,-1.1349745,-14.9678135
351814212631919,-26.064075,-1.284975,-14.9678135
351814232487918,-26.364079,-1.284975,-14.9678135
351814252350678,-26.514076,-1.1349745,-14.9678135
351814272206807,-27.264076,-0.98497486,-14.9678135
351814292062934,-27.564075,-0.23497486,-14.9678135
351814311919190,-28.464077,-0.23497486,-13.617811
351814331775319,-28.314075,-0.08497524,-13.4678135
351814351627207,-27.864079,-0.08497524,-12.41781
351814371483208,-27.864079,0.21502495,-12.267813
351814391339337,-27.864079,0.96502495,-11.367811
351814411195338,-27.864079,1.2650251,-10.617811
351814431051467,-27.864079,1.8650246,-10.617811
351814450907468,-27.864079,2.015026,-10.16781
351814470766595,-27.864079,3.3650246,-8.367811
351814490622724,-27.714077,3.215025,-8.9678135
351814510478853,-27.864079,3.215025,-8.817812
351814530334982,-27.864079,3.3650246,-8.367811
351814550197059,-27.864079,3.965025,-8.367811
351814570053316,-28.014076,3.965025,-8.367811
351814589909573,-28.314075,4.1150246,-8.367811
351814609765830,-28.314075,4.1150246,-7.4678116
351814629622087,-28.614079,5.015026,-7.317812
351814649478331,-29.814075,5.765026,-7.317812
351814669337970,-29.964077,6.0650253,-6.867811
351814689194227,-30.714077,6.3650246,-6.867811
351814709050612,-31.164078,7.265026,-6.867811
351814728906869,-31.464077,8.465025,-5.2178116
351814748763126,-31.764076,8.465025,-5.2178116
351814768619865,-31.014076,8.315025,-5.2178116
351814788476244,-31.614079,8.315025,-5.2178116
351814808332501,-31.464077,8.765026,-5.2178116
351814828188884,-31.614079,9.065025,-5.067812
351814848044148,-31.914078,9.665026,-5.067812
351814867900533,-32.664078,10.415026,-5.067812
351814887756788,-32.964077,10.415026,-5.067812
351814907613172,-33.11408,10.415026,-5.067812
351814927469429,-33.86408,10.715025,-4.9178123
351814947325812,-34.764076,10.715025,-4.1678123
351814967174675,-35.514076,10.715025,-4.1678123
351814987030932,-36.414078,10.715025,-4.1678123
351815006887059,-37.014076,10.865026,-4.1678123
351815026743315,-37.764076,11.015026,-4.1678123
351815046599444,-39.11408,11.165026,-4.1678123
351815066455474,-39.414078,11.915026,-4.1678123
351815086311730,-40.464077,12.815025,-4.4678116
351815106167987,-40.464077,12.215025,-4.617811
351815126024242,-41.06408,12.215025,-5.517811
351815145875739,-41.36408,12.065025,-5.817812
351815165731868,-41.36408,12.065025,-5.6678123
351815185587867,-41.964077,12.065025,-5.517811
351815205443995,-42.56408,12.065025,-5.517811
351815225300124,-42.56408,12.065025,-5.517811
351815245156125,-42.56408,12.065025,-5.517811
351815265011828,-43.464077,11.915026,-5.517811
351815284867957,-43.61408,11.465025,-5.6678123
351815304724086,-43.764076,11.165026,-5.817812
351815324580215,-44.664078,11.165026,-6.117811
351815344436216,-44.664078,11.015026,-6.7178116
351815364291959,-44.964077,11.015026,-6.7178116
351815384148088,-44.964077,11.015026,-6.7178116
351815404004217,-44.964077,10.865026,-6.867811
351815423860218,-45.11408,10.715025,-7.317812
351815443716129,-45.264076,10.715025,-7.317812
351815463572130,-45.414078,10.415026,-7.767811
351815483428131,-45.414078,9.815025,-7.767811
351815503284245,-45.414078,9.665026,-7.9178123
351815523140246,-45.414078,9.665026,-7.9178123
351815542996375,-45.414078,9.365025,-8.367811
351815562851846,-45.414078,9.365025,-8.067812
351815582707847,-45.414078,9.365025,-8.367811
351815602563976,-45.414078,9.365025,-8.367811
351815622419977,-45.414078,9.365025,-8.367811
351815642276106,-45.414078,9.365025,-8.367811
351815662126297,-45.264076,9.365025,-8.367811
351815681982170,-44.964077,9.365025,-8.367811
351815701838043,-44.81408,9.065025,-8.367811
351815721694044,-44.81408,9.065025,-8.367811
351815741549917,-44.214077,8.915026,-8.367811
351815761405790,-44.06408,8.915026,-8.367811
351815781256731,-44.06408,8.915026,-8.367811
351815801112475,-44.06408,8.915026,-8.367811
351815820968220,-44.06408,8.615025,-8.367811
351815840823963,-44.06408,8.465025,-8.517813
351815860681086,-43.914078,8.465025,-8.517813
351815880536831,-43.914078,7.8650246,-8.517813
351815900392702,-43.914078,7.5650253,-8.517813
351815920248446,-43.914078,7.5650253,-8.517813
351815940104319,-43.914078,7.4150257,-8.367811
351815959966560,-43.61408,6.8150253,-8.367811
351815979822433,-43.164078,6.515026,-8.067812
351815999678306,-42.714077,5.6150246,-7.767811
351816019534179,-42.714077,5.015026,-6.867811
351816039390052,-41.964077,3.515026,-6.4178123
351816059245925,-41.664078,4.1150246,-6.4178123
351816079103816,-41.81408,4.1150246,-5.817812
351816098959810,-41.81408,4.1150246,-5.817812
351816118815683,-41.964077,4.1150246,-5.817812
351816138671554,-41.964077,3.965025,-6.117811
351816158531299,-41.964077,3.215025,-6.117811
351816178387428,-41.81408,2.9150257,-6.117811
351816198243427,-41.81408,2.465025,-6.117811
351816218099555,-41.664078,0.96502495,-6.117811
351816237955684,-41.514076,-0.08497524,-6.117811
351816257811333,-41.664078,-0.6849747,-5.817812
351816277667461,-41.06408,-1.4349747,-5.817812
351816297523590,-40.764076,-2.034975,-5.517811
351816317379717,-40.61408,-4.284975,-5.517811
351816337235973,-40.61408,-4.284975,-5.517811
351816357092102,-40.61408,-4.4349747,-5.6678123
351816376948472,-40.61408,-4.5849752,-5.6678123
351816396804728,-40.61408,-5.484975,-5.6678123
351816416660857,-40.464077,-5.784975,-5.6678123
351816436516984,-40.31408,-6.3849754,-5.6678123
351816456376641,-40.31408,-7.884975,-5.6678123
351816476232898,-40.31408,-8.034975,-6.267811
351816496089153,-40.164078,-9.534975,-6.4178123
351816515945409,-39.86408,-9.384975,-6.4178123
351816535801794,-39.86408,-10.134975,-6.4178123
351816555653825,-39.86408,-10.134975,-8.367811
351816575509953,-39.714077,-10.284975,-8.067812
351816595366210,-39.264076,-10.734976,-7.767811
351816615222337,-38.214077,-10.884975,-7.767811
351816635078465,-38.214077,-11.034975,-7.9178123
351816654934722,-38.36408,-11.634975,-7.9178123
351816674796664,-38.36408,-12.234976,-7.9178123
351816694653048,-38.214077,-11.934976,-7.9178123
351816714509305,-37.764076,-11.934976,-7.9178123
351816734365560,-37.61408,-12.084975,-7.9178123
351816754222036,-37.464077,-12.234976,-7.767811
351816774078421,-37.464077,-12.234976,-7.9178123
351816793934676,-36.56408,-12.234976,-7.767811
351816813790932,-35.514076,-12.234976,-7.767811
351816833647317,-35.06408,-12.234976,-7.4678116
351816853503572,-34.764076,-12.234976,-7.4678116
351816873365363,-34.464077,-12.234976,-7.4678116
351816893221876,-33.11408,-12.084975,-7.4678116
351816913078259,-33.11408,-11.784975,-7.1678123
351816932934643,-33.11408,-11.184976,-5.067812
351816952791028,-32.964077,-10.584975,-5.6678123
351816972646096,-32.664078,-9.834975,-5.6678123
351816992502480,-32.664078,-8.484976,-5.2178116
351817012358865,-32.664078,-8.484976,-5.2178116
351817032215248,-32.06408,-8.034975,-5.2178116
351817052064489,-31.764076,-7.284975,-5.2178116
351817071920874,-31.614079,-6.9849753,-5.2178116
351817091777129,-31.164078,-6.684975,-5.2178116
351817111633385,-29.364079,-6.234975,-5.2178116
351817131489770,-29.364079,-5.034975,-5.067812
351817151346025,-29.514076,-4.734975,-4.1678123
351817171198723,-29.364079,-3.9849749,-4.017811
351817191054980,-29.514076,-3.534975,-2.817812
351817210911235,-29.514076,-2.1849747,-2.817812
351817230767491,-29.514076,-2.9349747,-2.817812
351817250623748,-29.514076,-2.3349752,-2.817812
351817270467755,-29.514076,-1.8849745,-2.817812
351817290323755,-29.514076,-1.8849745,-2.6678123
351817310179756,-29.514076,-2.034975,-2.2178116
351817330035755,-29.514076,-1.5849752,-1.7678108
351817349889455,-29.364079,-1.284975,-1.7678108
351817369745328,-29.364079,-1.1349745,-1.317812
351817389601199,-28.914078,-0.6849747,-1.7678108
351817409457071,-28.914078,-0.23497486,-1.317812
351817429312944,-28.764076,-0.23497486,-1.317812
351817449168815,-28.764076,-0.23497486,-0.7178116
351817469023000,-28.464077,0.36502552,-0.7178116
351817488878745,-28.464077,0.8150253,-0.56781197
351817508734488,-28.764076,1.715025,-0.56781197
351817528590232,-29.064075,2.015026,-0.56781197
351817548446105,-29.064075,2.3150253,-0.56781197
351817568302714,-29.064075,2.9150257,-0.56781197
351817588158586,-29.064075,2.465025,-0.7178116
351817608014459,-29.064075,2.765026,-1.1678123
351817627870202,-29.064075,2.465025,-1.1678123
351817647724715,-28.764076,2.465025,-1.0178108
351817667580460,-28.764076,2.465025,-1.0178108
351817687436203,-28.764076,2.465025,-1.0178108
351817707291947,-28.614079,2.465025,-1.0178108
351817727147820,-27.864079,2.465025,-0.26781082
351817747003563,-27.414078,2.765026,-0.1178112
351817766856241,-26.664078,2.765026,-0.26781082
351817786711986,-26.364079,2.765026,-0.26781082
351817806567729,-26.514076,2.765026,-0.26781082
351817826423473,-26.514076,2.9150257,-0.26781082
351817846279218,-26.514076,3.215025,-0.26781082
351817866131005,-26.514076,4.265026,-0.56781197
351817885986621,-26.514076,5.6150246,-0.56781197
351817905842238,-26.514076,5.465025,-1.9178123
351817925697853,-26.514076,5.3150253,-2.6678123
351817945553469,-26.514076,5.3150253,-1.9178123
351817965409086,-26.514076,5.3150253,-1.9178123
351817985265835,-26.664078,5.3150253,-1.9178123
351818005121323,-26.664078,5.3150253,-1.9178123
351818024976940,-26.814075,5.3150253,-1.9178123
351818044832555,-26.814075,5.3150253,-1.9178123
351818064692218,-26.814075,5.3150253,-1.9178123
351818084547835,-26.814075,5.3150253,-2.2178116
351818104403450,-27.564075,5.3150253,-2.6678123
351818124259194,-27.714077,5.3150253,-3.2678108
351818144114811,-28.314075,5.465025,-4.4678116
351818163975948,-29.664078,5.765026,-4.9178123
351818183833792,-29.364079,6.3650246,-6.267811
351818203689537,-29.514076,6.6650257,-6.267811
351818223545152,-29.814075,6.6650257,-6.117811
351818243400896,-29.814075,6.8150253,-6.117811
351818263256641,-29.814075,5.465025,-6.117811
351818283113920,-29.814075,5.765026,-6.117811
351818302969664,-29.814075,6.0650253,-6.117811
351818322825537,-29.814075,6.515026,-5.517811
351818342681280,-29.814075,6.6650257,-5.517811
351818362545423,-30.114079,6.6650257,-4.9178123
351818382401424,-30.114079,6.515026,-3.8678112
351818402257295,-30.114079,6.3650246,-4.4678116
351818422113295,-30.114079,6.3650246,-4.4678116
351818441969296,-30.114079,6.3650246,-4.4678116
351818461833265,-30.564075,6.0650253,-4.1678123
351818481689521,-30.414078,5.3150253,-4.1678123
351818501545778,-30.414078,3.6650257,-4.1678123
351818521402033,-30.564075,2.9150257,-4.1678123
351818541258161,-30.864079,1.715025,-4.1678123
351818561114418,-30.864079,1.2650251,-4.1678123
351818580974062,-30.714077,1.1150255,-4.1678123
351818600830446,-30.714077,0.06502533,-4.1678123
351818620686831,-30.714077,-0.6849747,-4.1678123
351818640543086,-30.714077,-0.6849747,-4.1678123
351818660400378,-30.414078,-0.98497486,-4.1678123
351818680256635,-29.814075,-0.98497486,-4.1678123
351818700113018,-29.064075,-1.1349745,-4.1678123
351818719969402,-28.914078,-1.4349747,-4.1678123
351818739825787,-27.714077,-1.8849745,-4.1678123
351818759679604,-28.014076,-2.1849747,-4.1678123
351818779535988,-27.864079,-2.3349752,-4.1678123
351818799392245,-27.564075,-3.534975,-4.1678123
351818819248628,-27.564075,-3.6849747,-4.1678123
351818839105012,-27.414078,-6.534975,-4.1678123
351818858961269,-27.414078,-6.534975,-4.1678123
351818878810783,-27.264076,-6.8349752,-4.4678116
351818898666911,-26.814075,-7.284975,-4.4678116
351818918523040,-26.514076,-7.884975,-4.4678116
351818938379167,-26.064075,-8.334975,-4.4678116
351818958235185,-25.164078,-9.084975,-4.4678116
351818978091314,-25.164078,-9.684975,-4.4678116
351818997947569,-25.164078,-10.134975,-4.4678116
351819017803697,-24.714077,-9.984976,-4.4678116
351819037659826,-23.664078,-10.584975,-4.4678116
351819057516081,-23.664078,-10.584975,-4.4678116
351819077363444,-23.214077,-10.734976,-5.067812
351819097219445,-22.614079,-11.334975,-5.517811
351819117075572,-22.314075,-11.784975,-6.4178123
351819136931572,-21.414078,-11.934976,-6.117811
351819156787573,-21.414078,-12.234976,-6.267811
351819176642426,-21.414078,-12.234976,-6.4178123
351819196498554,-21.414078,-12.384975,-7.767811
351819216354555,-21.414078,-12.834975,-8.067812
351819236210554,-21.414078,-12.684976,-8.517813
351819256059861,-21.414078,-12.684976,-9.117811
351819275915734,-21.414078,-12.684976,-9.117811
351819295771605,-21.414078,-12.684976,-9.41781
351819315627477,-21.264076,-12.684976,-9.41781
351819335483350,-20.814075,-12.684976,-9.41781
351819355339221,-20.664078,-12.234976,-9.7178135
351819375188626,-20.814075,-11.634975,-9.7178135
351819395044243,-20.664078,-10.734976,-9.7178135
351819414899986,-20.364079,-9.834975,-10.017813
351819434755602,-19.914078,-9.384975,-10.16781
351819454611347,-19.914078,-8.484976,-10.16781
351819474465800,-19.914078,-6.8349752,-10.16781
351819494321416,-19.914078,-6.9849753,-10.16781
351819514176905,-19.914078,-6.684975,-10.16781
351819534032520,-19.914078,-6.3849754,-10.16781
351819553890275,-20.214077,-6.3849754,-10.16781
351819573745892,-21.114079,-6.234975,-10.16781
351819593601379,-21.264076,-5.484975,-9.7178135
351819613456995,-21.114079,-5.1849747,-9.567812
351819633312612,-21.714077,-5.034975,-9.567812
351819653168227,-21.714077,-3.6849747,-8.067812
351819673025952,-21.414078,-3.3849754,-7.9178123
351819692881569,-21.414078,-3.2349749,-6.4178123
351819712737184,-21.414078,-2.034975,-6.4178123
351819732592800,-21.264076,-0.83497524,-4.1678123
351819752448417,-20.964077,-0.08497524,-5.817812
351819772306281,-20.814075,-0.23497486,-5.2178116
351819792161897,-19.314075,0.36502552,-4.617811
351819812017642,-20.064075,0.21502495,-4.1678123
351819831873259,-19.914078,0.66502476,-3.4178123
351819851727778,-20.064075,0.8150253,-2.9678116
351819871583395,-20.064075,1.1150255,-2.6678123
351819891438884,-20.064075,1.715025,-1.7678108
351819911294501,-20.064075,1.8650246,-0.7178116
351819931150118,-20.064075,2.465025,-0.1178112
351819951005728,-20.064075,3.215025,-0.26781082
351819970873699,-20.064075,4.715025,0.032188416
351819990729572,-20.364079,4.715025,0.93218803
351820010585443,-20.664078,4.715025,1.2321892
351820030441315,-20.814075,6.215025,1.9821892
351820050297188,-20.664078,7.1150246,3.3321896
351820070157210,-20.814075,6.515026,4.232189
351820090013210,-20.964077,6.515026,5.132189
351820109869211,-20.964077,6.3650246,5.432188
351820129725082,-21.264076,6.515026,4.8321896
351820149581082,-21.414078,7.1150246,5.132189
351820169437083,-22.014076,7.1150246,6.0321884
351820189285570,-22.014076,7.1150246,7.382189
351820209141571,-22.014076,7.1150246,7.382189
351820228997572,-22.014076,7.1150246,7.382189
351820248853445,-22.014076,7.1150246,8.132189
351820268708982,-22.164078,7.1150246,8.282189
351820288564983,-22.164078,7.1150246,8.732189
351820308420984,-22.164078,7.1150246,8.732189
351820328276985,-22.164078,7.265026,9.482189
351820348132986,-22.164078,7.265026,10.082189
351820367995441,-22.614079,7.265026,10.682189
351820387851570,-23.514076,7.1150246,11.282189
351820407707699,-24.714077,7.1150246,10.982189
351820427563956,-24.414078,7.1150246,11.132189
351820447420085,-24.714077,6.8150253,11.58219
351820467276214,-25.014076,6.515026,12.182189
351820487136292,-24.714077,6.0650253,12.182189
351820506992549,-24.714077,4.1150246,12.182189
351820526848806,-24.714077,4.5650253,12.182189
351820546705063,-24.714077,4.265026,12.182189
351820566557952,-24.714077,4.265026,12.182189
351820586414209,-24.714077,4.265026,12.182189
351820606270466,-24.414078,4.265026,12.182189
351820626126723,-24.114079,4.1150246,12.182189
351820645982980,-24.114079,3.965025,11.732189
351820665839237,-23.964077,3.965025,11.58219
351820685694366,-23.214077,3.6650257,11.282189
351820705550623,-23.664078,3.215025,11.282189
351820725406752,-23.664078,3.215025,11.282189
351820745262881,-23.664078,2.015026,11.132189
351820765119138,-23.664078,1.4150257,11.132189
351820784973523,-23.664078,2.015026,10.682189
351820804829651,-23.664078,2.015026,10.082189
351820824685780,-23.664078,2.015026,10.082189
351820844541907,-23.664078,1.8650246,10.082189
351820864394012,-23.664078,1.715025,10.082189
351820884250141,-23.664078,1.4150257,10.082189
351820904106140,-23.664078,1.2650251,10.082189
351820923962268,-23.364079,1.2650251,9.932189
351820943818269,-22.464077,0.66502476,9.932189
351820963674268,-21.414078,-0.08497524,9.932189
351820983525515,-21.714077,-0.83497524,9.332189
351821003381388,-20.964077,-0.6849747,8.732189
351821023237389,-20.964077,-0.38497448,8.732189
351821043093258,-20.964077,-0.38497448,8.432189
351821062949259,-20.814075,-0.38497448,8.432189
351821082796115,-20.814075,-0.23497486,8.282189
351821102651731,-20.814075,-0.08497524,7.682189
351821122507476,-20.814075,0.06502533,7.682189
351821142363219,-20.814075,0.06502533,7.682189
351821162223754,-20.664078,-0.38497448,7.682189
351821182079627,-20.214077,-0.38497448,7.682189
351821201935498,-20.064075,-0.23497486,7.682189
351821221791242,-19.914078,-0.23497486,7.682189
351821241647115,-18.864079,-0.23497486,7.682189
351821261502858,-18.864079,-0.23497486,8.132189
351821281356365,-18.714077,-0.23497486,7.682189
351821301212238,-17.064075,-0.38497448,7.8321886
351821321067981,-17.814075,-0.38497448,8.432189
351821340923726,-17.514076,-0.83497524,8.432189
351821360779471,-17.064075,-1.284975,8.882189
351821380631340,-17.064075,-1.4349747,8.432189
351821400487085,-16.314075,-2.034975,8.432189
351821420342702,-16.314075,-3.2349749,8.732189
351821440198447,-16.314075,-2.6349754,8.732189
351821460055215,-16.314075,-3.2349749,8.732189
351821479910832,-16.014076,-3.0849752,8.882189
351821499766447,-16.014076,-3.2349749,8.882189
351821519622063,-15.8640785,-3.3849754,8.882189
351821539477808,-15.714077,-3.6849747,8.882189
351821559333423,-15.714077,-4.284975,8.882189
351821579193196,-15.564075,-4.4349747,8.882189
351821599048941,-15.414078,-5.034975,8.882189
351821618904684,-14.964077,-5.6349754,8.732189
351821638760556,-14.964077,-7.284975,8.432189
351821658616301,-14.964077,-6.534975,8.132189
351821678474292,-14.964077,-6.8349752,7.0821896
351821698330036,-14.964077,-7.5849752,6.7821884
351821718185909,-14.964077,-8.034975,6.632189
351821738041780,-14.964077,-8.034975,5.132189
351821757897652,-14.964077,-8.484976,5.5821896
351821777753397,-14.964077,-8.634975,4.982189
351821797606511,-14.964077,-8.934975,3.932188
351821817462255,-14.964077,-9.084975,4.232189
351821837318000,-14.964077,-9.984976,4.232189
351821857173743,-14.964077,-11.034975,4.232189
351821877032779,-14.964077,-11.334975,3.932188
351821896888524,-14.814075,-11.784975,3.932188
351821916744267,-14.814075,-11.634975,3.932188
351821936600011,-14.814075,-11.334975,3.932188
351821956455756,-14.514076,-11.334975,3.6321888
351821976320053,-14.514076,-11.334975,3.7821884
351821996176054,-14.514076,-11.184976,3.7821884
351822016031927,-14.514076,-11.184976,3.7821884
351822035887928,-14.514076,-11.034975,3.7821884
351822055743929,-14.214077,-10.584975,3.7821884
351822075599802,-14.214077,-10.584975,3.7821884
351822095461971,-13.764076,-10.134975,3.7821884
351822115318099,-13.464077,-10.134975,3.7821884
351822135174228,-13.464077,-10.284975,4.232189
351822155030355,-13.314077,-9.834975,4.982189
351822174885541,-13.314077,-9.384975,5.132189
351822194741670,-13.014076,-8.784975,5.432188
351822214597797,-13.014076,-8.034975,6.0321884
351822234453925,-12.564077,-7.884975,6.632189
351822254310054,-12.264076,-7.884975,6.482189
351822274164780,-12.264076,-7.884975,6.7821884
351822294022122,-12.714077,-7.7349753,7.0821896
351822313878251,-13.014076,-7.284975,7.232189
351822333734380,-12.564077,-6.534975,7.232189
351822353590509,-12.414076,-6.3849754,7.382189
351822373446638,-12.114077,-5.6349754,7.682189
351822393299609,-12.114077,-5.1849747,8.132189
351822413155610,-11.664076,-4.1349754,8.432189
351822433011739,-11.514076,-3.9849749,8.432189
351822452867868,-11.064077,-4.284975,9.932189
351822472728543,-10.614077,-4.4349747,10.532189
351822492584672,-10.914076,-4.1349754,9.482189
351822512440929,-10.164076,-3.3849754,9.482189
351822532297186,-10.314077,-3.0849752,10.082189
351822552153315,-10.314077,-2.6349754,10.082189
351822572009572,-10.314077,-2.6349754,10.082189
351822591864263,-10.314077,-2.3349752,10.082189
351822611720520,-10.314077,-2.034975,10.082189
351822631576649,-10.314077,-0.6849747,10.082189
351822651432906,-10.314077,-0.08497524,10.082189
351822671289035,-10.314077,0.36502552,10.082189
351822691147322,-10.464077,0.66502476,10.082189
351822711003451,-10.314077,0.66502476,10.082189
351822730859708,-10.464077,0.66502476,10.382189
351822750715829,-10.614077,0.8150253,10.382189
351822770566221,-10.914076,1.1150255,10.382189
351822790422350,-11.514076,1.4150257,10.382189
351822810278477,-12.114077,1.715025,10.382189
351822830134477,-12.264076,1.715025,10.382189
351822849990606,-12.114077,1.715025,10.382189
351822869846733,-12.114077,1.8650246,10.682189
351822889697333,-12.114077,2.015026,10.982189
351822909553334,-12.114077,2.9150257,11.282189
351822929409333,-12.114077,2.1650257,10.682189
351822949265333,-12.114077,2.3150253,10.682189
351822969121206,-12.114077,2.465025,11.132189
351822988973542,-12.114077,2.9150257,11.132189
351823008829414,-12.114077,2.9150257,11.132189
351823028685287,-12.114077,3.0650253,11.282189
351823048541158,-12.264076,3.0650253,11.282189
351823068389929,-12.564077,3.0650253,11.282189
351823088245674,-12.564077,3.215025,11.132189
351823108101417,-12.564077,4.1150246,10.682189
351823127957033,-13.014076,4.1150246,10.082189
351823147812778,-13.314077,4.1150246,9.482189
351823167668521,-13.914076,4.1150246,9.482189
351823187519956,-14.514076,4.1150246,9.482189
351823207375573,-14.964077,4.1150246,9.482189
351823227231188,-14.964077,4.1150246,9.482189
351823247086805,-15.264076,4.1150246,9.482189
351823266942422,-15.264076,3.965025,9.482189
351823286797255,-14.814075,3.965025,9.482189
351823306652744,-14.814075,3.965025,9.482189
351823326508361,-14.814075,3.965025,9.482189
351823346363850,-14.814075,3.965025,9.482189
351823366218499,-14.814075,3.965025,9.332189
351823386073860,-14.664078,3.965025,8.732189
351823405929349,-13.764076,3.965025,8.732189
351823425784838,-13.914076,4.265026,8.732189
351823445640327,-13.914076,4.265026,8.732189
351823465495816,-13.914076,4.5650253,8.732189
351823485357577,-14.214077,4.5650253,8.732189
351823505213194,-14.514076,4.5650253,8.732189
351823525068797,-14.514076,4.5650253,8.732189
351823544924414,-14.664078,4.5650253,8.732189
351823564780031,-14.364077,4.5650253,8.732189
351823584640148,-14.664078,4.715025,8.732189
351823604495765,-14.964077,4.715025,8.732189
351823624351510,-14.814075,5.015026,8.882189
351823644207255,-14.814075,5.015026,9.332189
351823664063000,-14.814075,4.715025,9.332189
351823683918617,-14.814075,4.715025,10.082189
351823703776910,-14.814075,4.5650253,10.682189
351823723632655,-14.814075,4.5650253,10.382189
351823743488400,-14.964077,4.5650253,10.532189
351823763344273,-14.964077,4.5650253,11.132189
351823783156103,-15.264076,4.4150257,11.282189
351823803011080,-15.414078,3.965025,11.282189
351823822866055,-15.8640785,3.0650253,11.282189
351823842720903,-15.714077,2.9150257,11.282189
351823862575880,-15.264076,2.465025,11.282189
351823882441955,-15.264076,2.1650257,11.282189
351823902297059,-15.264076,1.4150257,11.58219
351823922152164,-14.964077,0.36502552,11.58219
351823942007267,-14.364077,-0.23497486,11.58219
351823961862371,-13.314077,-0.08497524,11.58219
351823981717348,-11.964077,0.06502533,11.732189
351824001577340,-12.414076,-0.08497524,12.182189
351824021432444,-11.664076,-0.08497524,12.632189
351824041287549,-11.214077,-0.38497448,12.33219
351824061142652,-11.064077,-0.98497486,12.782189
351824081012269,-10.914076,-1.1349745,12.932189
351824100867630,-10.014076,-1.1349745,12.782189
351824120722989,-10.014076,-1.4349747,12.932189
351824140578477,-9.564077,-1.8849745,12.932189
351824160433838,-7.3140774,-2.1849747,12.932189
351824180300231,-7.6140766,-2.9349747,12.932189
351824200155847,-7.3140774,-3.534975,12.782189
351824220011464,-6.8640766,-4.284975,12.632189
351824239867079,-5.8140755,-4.5849752,12.632189
351824259722696,-5.0640755,-4.284975,12.632189
351824279578313,-4.3140755,-4.5849752,12.182189
351824299446642,-3.714077,-4.284975,12.182189
351824319302515,-3.2640762,-4.284975,12.182189
351824339158516,-1.464077,-4.284975,11.58219
351824359014512,-1.7640762,-4.284975,11.132189
351824378874975,-1.1640759,-4.4349747,11.132189
351824398730976,-0.56407547,-4.4349747,11.132189
351824418586975,-0.41407585,-4.5849752,10.682189
351824438442975,0.48592377,-4.734975,10.532189
351824458299104,1.0859241,-4.734975,10.382189
351824478165032,1.8359241,-4.734975,10.082189
351824498021288,2.4359236,-4.734975,9.032189
351824517877545,2.8859243,-4.734975,8.132189
351824537733800,4.985924,-4.4349747,8.282189
351824557590057,4.835924,-4.4349747,8.282189
351824577446314,4.3859243,-4.4349747,8.432189
351824597303617,4.3859243,-4.4349747,8.282189
351824617159871,4.3859243,-4.4349747,8.282189
351824637016256,4.3859243,-4.4349747,8.282189
351824656872639,4.3859243,-4.4349747,8.282189
351824676726317,4.3859243,-4.1349754,8.282189
351824696582574,4.235924,-3.6849747,8.132189
351824716438829,4.3859243,-3.3849754,7.682189
351824736295213,4.3859243,-2.4849749,7.232189
351824756151470,4.3859243,-1.4349747,6.7821884
351824776005369,4.3859243,-1.8849745,6.7821884
351824795859609,4.3859243,-1.8849745,6.632189
351824815715866,4.6859236,-1.8849745,6.7821884
351824835572121,4.6859236,-1.8849745,6.632189
351824855428377,4.985924,-1.284975,6.632189
351824875284762,4.985924,-1.1349745,6.482189
351824895139573,4.985924,-1.1349745,6.482189
351824914995957,4.985924,-0.98497486,6.482189
351824934852214,4.985924,-0.08497524,6.482189
351824954708471,4.985924,-0.08497524,6.482189
351824974567386,4.985924,-0.08497524,6.482189
351824994423771,4.985924,0.36502552,6.632189
351825014280156,4.985924,0.36502552,6.632189
351825034136535,4.985924,0.66502476,6.482189
351825053992792,4.985924,1.715025,6.632189
351825073849175,4.985924,2.015026,6.632189
351825093702641,4.985924,2.015026,6.632189
351825113559026,4.985924,2.1650257,6.632189
351825133415537,4.985924,1.8650246,6.632189
351825153271921,4.985924,1.8650246,6.632189
351825173128306,4.985924,2.465025,6.632189
351825192987112,4.985924,3.215025,6.632189
351825212843752,4.985924,3.215025,6.632189
351825232700265,4.985924,3.3650246,6.632189
351825252556776,5.285924,3.515026,6.7821884
351825272406089,5.8859243,3.965025,6.7821884
351825292262602,6.035924,3.965025,6.7821884
351825312118987,7.235924,4.265026,7.0821896
351825331975500,6.485924,4.5650253,7.0821896
351825351832013,6.335924,4.5650253,7.0821896
351825371688526,6.335924,5.1650257,7.0821896
351825391515825,6.335924,6.0650253,7.0821896
351825411371314,6.1859245,6.515026,7.0821896
351825431226795,6.1859245,6.6650257,7.0821896
351825451082283,6.1859245,6.515026,7.0821896
351825470937772,6.1859245,6.6650257,7.0821896
351825490799415,6.335924,7.1150246,7.0821896
351825510655031,6.335924,7.715025,7.0821896
351825530510648,6.1859245,7.715025,7.0821896
351825550366263,6.1859245,7.715025,7.0821896
351825570214790,6.1859245,7.715025,7.0821896
351825590070151,6.035924,7.715025,7.0821896
351825609925510,5.4359245,7.715025,7.0821896
351825629780998,5.1359243,7.8650246,7.0821896
351825649636359,5.4359245,7.8650246,7.0821896
351825669491848,5.285924,8.015026,7.0821896
351825689350159,5.1359243,8.315025,7.0821896
351825709205648,5.1359243,8.915026,7.0821896
351825729061137,5.1359243,9.365025,7.0821896
351825748916620,5.1359243,9.815025,7.0821896
351825768771981,5.1359243,9.665026,7.0821896
351825788630900,5.1359243,9.815025,7.232189
351825808486388,4.985924,9.815025,7.232189
351825828342005,4.985924,9.665026,7.232189
351825848197492,4.985924,9.815025,7.232189
351825868052980,4.985924,9.815025,7.232189
351825887908597,4.835924,9.815025,7.232189
351825907764602,4.085924,9.815025,7.232189
351825927620218,4.085924,10.415026,7.0821896
351825947475707,4.085924,10.115026,7.0821896
351825967331196,4.085924,10.115026,6.632189
351825987192573,4.085924,10.415026,6.7821884
351826007048318,4.085924,10.865026,7.0821896
351826026903935,3.9359236,10.865026,7.0821896
351826046759552,3.9359236,10.715025,7.0821896
351826066615297,3.9359236,10.715025,7.0821896
351826086472613,3.9359236,10.715025,7.0821896
351826106328357,3.785924,10.715025,7.0821896
351826126184102,3.6359243,10.715025,7.0821896
351826146039845,3.4859238,10.715025,7.0821896
351826165895589,2.7359238,10.715025,6.7821884
351826185751334,2.8859243,10.715025,6.7821884
351826205610539,2.8859243,10.715025,6.7821884
351826225466283,2.8859243,11.015026,6.7821884
351826245322156,2.7359238,11.015026,6.7821884
351826265178027,2.7359238,10.865026,6.7821884
351826285031191,2.7359238,11.015026,6.7821884
351826304886936,2.7359238,11.015026,6.7821884
351826324742679,2.4359236,11.015026,6.7821884
351826344598551,2.1359243,11.015026,6.7821884
351826364454296,1.6859236,11.015026,6.7821884
351826384311845,1.6859236,11.015026,6.632189
351826404167718,1.6859236,11.015026,6.632189
351826424023591,1.3859234,11.015026,6.632189
351826443879336,1.3859234,10.865026,6.632189
351826463735209,0.785923,10.715025,6.632189
351826483590954,0.48592377,11.015026,6.632189
351826503452429,-0.26407623,11.015026,6.632189
351826523308302,-0.714077,11.015026,6.632189
351826543164303,-1.3140755,11.015026,6.632189
351826563020176,-2.214077,11.015026,6.632189
351826582875865,-4.6140766,11.465025,6.632189
351826602731866,-5.0640755,11.615026,6.632189
351826622587867,-6.1140766,12.065025,6.632189
351826642446601,-6.1140766,12.965025,6.632189
351826662302474,-5.964077,12.065025,6.482189
351826682158475,-5.8140755,12.215025,6.0321884
351826702023130,-5.8140755,11.915026,4.982189
351826721879259,-5.664076,11.765026,5.5821896
351826741735388,-4.914076,11.615026,5.132189
351826761591511,-2.5140762,11.465025,4.382189
351826781447640,-1.3140755,10.565025,4.382189
351826801302531,-1.3140755,9.065025,4.382189
351826821158787,-1.464077,8.915026,4.382189
351826841014916,-1.6140766,7.8650246,4.5321884
351826860871043,-1.464077,8.765026,4.982189
351826880718626,-1.464077,8.765026,4.982189
351826900574627,-1.3140755,8.765026,4.982189
351826920430626,-1.464077,8.765026,6.632189
351826940286626,-1.464077,8.765026,6.632189
351826960142499,-1.464077,8.915026,6.632189
351826979998500,-1.464077,9.365025,7.0821896
351826999853495,-1.464077,10.565025,6.7821884
351827019709368,-1.464077,10.865026,6.7821884
351827039565241,-1.3140755,10.865026,6.7821884
351827059421236,-1.3140755,10.865026,6.7821884
351827079277109,-1.3140755,11.465025,6.7821884
351827099127878,-1.3140755,11.465025,7.232189
351827118983750,-1.3140755,11.165026,7.232189
351827138839623,-1.3140755,11.165026,7.232189
351827158695494,-1.3140755,11.165026,7.232189
351827178545003,-1.3140755,10.715025,7.232189
351827198400748,-1.3140755,10.115026,7.232189
351827218256363,-1.3140755,8.765026,7.232189
351827238112107,-1.3140755,5.6150246,7.232189
351827257967852,-1.3140755,6.0650253,7.232189
351827277823469,-1.1640759,5.3150253,7.232189
351827297678580,-0.26407623,5.1650257,7.232189
351827317534197,1.8359241,3.965025,7.8321886
351827337389942,4.085924,3.3650246,7.8321886
351827357245559,5.735924,2.465025,8.432189
351827377101304,6.335924,1.4150257,8.882189
351827396960887,7.3859243,0.96502495,9.482189
351827416816632,8.435925,-2.4849749,10.982189
351827436672377,8.285924,-2.9349747,10.682189
351827456528122,9.185925,-2.9349747,10.532189
351827476388057,10.235924,-3.6849747,10.382189
351827496243930,10.835924,-4.734975,10.382189
351827516099675,11.585924,-5.6349754,10.382189
351827535955406,12.635924,-5.9349747,10.382189
351827555811279,13.535925,-8.334975,9.782189
351827575667024,14.435925,-10.734976,8.732189
351827595522543,14.435925,-12.684976,8.732189
351827615378288,13.835924,-18.534975,8.282189
351827635234161,13.535925,-22.284975,8.282189
351827655089906,13.385924,-23.784977,8.282189
351827674945779,13.385924,-23.784977,8.432189
351827694798060,12.785925,-24.084976,8.732189
351827714653805,10.685925,-24.984976,10.082189
351827734509422,5.8859243,-24.984976,12.33219
351827754365158,-3.4140759,-24.834976,14.432189
351827774220902,-6.264076,-24.534977,16.532188
351827794076647,-11.364077,-23.934975,17.132189
351827813927459,-12.264076,-22.434975,17.73219
351827833783075,-17.514076,-20.484976,19.83219
351827853638692,-21.714077,-15.984976,19.08219
351827873494307,-23.214077,-8.784975,19.532188
351827893347205,-22.014076,-5.484975,21.632189
351827913202694,-20.214077,-3.9849749,23.58219
351827933058309,-19.614079,-2.4849749,23.882189
351827952913797,-19.164078,-2.6349754,23.882189
351827972769286,-18.564075,-2.9349747,23.73219
351827992621031,-17.364079,-2.6349754,23.73219
351828012476519,-16.614079,-2.1849747,23.58219
351828032332008,-17.364079,-1.284975,23.58219
351828052187367,-17.964077,-0.38497448,23.28219
351828072042855,-18.114079,0.06502533,22.23219
351828091898216,-18.264076,1.1150255,20.73219
351828111758726,-19.014076,2.465025,17.43219
351828131614214,-20.214077,3.6650257,18.33219
351828151469831,-22.164078,3.215025,17.282188
351828171325318,-25.614079,3.3650246,16.532188
351828191189794,-25.764076,3.215025,16.532188
351828211045411,-25.464077,3.3650246,16.532188
351828230901154,-26.214077,3.515026,16.23219
351828250756770,-27.414078,3.515026,16.23219
351828270612515,-27.414078,3.6650257,16.08219
351828290473616,-27.414078,3.6650257,15.632189
351828310329489,-27.414078,3.965025,15.182189
351828330185362,-27.414078,4.1150246,14.882189
351828350041235,-27.414078,5.465025,13.83219
351828369897236,-27.414078,5.465025,12.33219
351828389753109,-27.414078,5.6150246,12.632189
351828409615972,-27.414078,6.215025,12.782189
351828429471973,-27.564075,6.8150253,12.632189
351828449327974,-27.864079,7.8650246,12.33219
351828469184103,-28.764076,8.915026,12.032189
351828489024819,-29.364079,9.065025,11.58219
351828508880564,-31.764076,9.065025,10.982189
351828528736307,-31.764076,10.565025,10.382189
351828548592051,-32.214077,11.465025,10.382189
351828568447796,-32.81408,12.065025,8.882189
351828588303539,-34.014076,13.115026,7.232189
351828608119903,-35.36408,12.665026,4.982189
351828627974880,-35.81408,12.065025,3.932188
351828647829855,-35.964077,11.765026,1.682188
351828667684959,-36.264076,11.765026,1.2321892
351828687539936,-39.11408,11.765026,-0.26781082
351828707407821,-39.11408,11.765026,-3.2678108
351828727263053,-38.81408,11.915026,-7.317812
351828747118158,-39.264076,12.065025,-7.317812
351828766975795,-39.264076,12.065025,-8.817812
351828786835154,-39.414078,12.065025,-11.9678135
351828806690387,-39.414078,12.065025,-16.317812
351828826545618,-39.414078,12.065025,-19.017813
351828846400722,-39.264076,12.065025,-21.267813
351828866255955,-39.11408,11.915026,-22.91781
351828886111058,-38.81408,11.465025,-24.267813
351828905971124,-38.06408,10.865026,-27.567812
351828925826357,-37.31408,8.765026,-27.567812
351828945681716,-36.11408,6.0650253,-27.567812
351828965536948,-36.264076,5.3150253,-27.867811
351828985392181,-35.964077,4.715025,-27.867811
351829005242964,-35.81408,4.1150246,-27.867811
351829025098196,-35.81408,5.015026,-27.867811
351829044953301,-35.06408,5.015026,-27.867811
351829064808532,-34.914078,5.1650257,-27.417814
351829084672499,-34.464077,5.1650257,-27.417814
351829104527860,-33.714077,5.3150253,-27.417814
351829124383219,-33.11408,6.3650246,-27.417814
351829144238579,-33.264076,7.5650253,-27.417814
351829164093940,-32.964077,9.665026,-27.417814
351829183949427,-32.964077,9.965025,-27.417814
351829203807439,-32.664078,10.865026,-27.417814
351829223662928,-31.464077,10.865026,-27.417814
351829243518287,-31.464077,10.865026,-27.417814
351829263373775,-31.014076,11.615026,-27.267813
351829283229136,-31.464077,11.615026,-27.267813
351829303085926,-31.764076,12.065025,-27.267813
351829322941414,-31.914078,12.065025,-27.267813
351829342796903,-31.914078,12.215025,-26.967813
351829362652390,-31.914078,12.815025,-26.967813
351829382507814,-32.214077,14.315025,-26.517813
351829402363175,-32.664078,14.315025,-26.517813
351829422218662,-32.36408,14.465025,-26.517813
351829442074022,-32.36408,14.015026,-26.367811
351829461929511,-32.36408,13.865026,-25.017813
351829481784870,-32.36408,13.865026,-25.317812
351829501643430,-32.36408,13.865026,-25.317812
351829521498919,-32.36408,13.865026,-25.317812
351829541354406,-32.664078,13.865026,-25.317812
351829561209894,-32.664078,13.865026,-25.317812
351829581065383,-32.36408,13.865026,-25.617811
351829600925350,-32.36408,13.865026,-25.617811
351829620780966,-32.36408,13.865026,-26.217813
351829640636455,-32.36408,13.865026,-26.817812
351829660492070,-32.36408,13.865026,-27.867811
351829680347558,-32.36408,13.865026,-27.867811
351829700203047,-32.214077,14.165026,-28.167814
351829720069135,-32.214077,14.165026,-27.867811
351829739925007,-32.214077,14.165026,-27.867811
351829759780752,-31.914078,14.315025,-27.867811
351829779636495,-30.864079,14.315025,-27.867811
351829799501547,-30.564075,14.315025,-27.867811
351829819357548,-31.014076,14.315025,-27.867811
351829839213675,-31.464077,14.315025,-27.867811
351829859069803,-31.464077,14.315025,-27.867811
351829878925804,-31.464077,14.315025,-27.867811
351829898789636,-31.164078,14.465025,-27.867811
